t,elapsed_s,who,cpu_usec,user_usec,system_usec,mem_bytes,mem_peak_bytes,anon_bytes,file_bytes,rbytes,wbytes,pids,host_mem_available_bytes
1791660664.817,0.057,indexer,7289,0,7289,11214848,11214848,2347008,8683520,8683520,0,1,15516614656
1791660666.737,1.977,indexer,1113247,899392,213855,574865408,574865408,104189952,461766656,397123584,64430080,8,15424401408
1791660667.737,2.978,indexer,2039689,1710193,329495,261906432,582205440,92545024,160108544,445329408,96825344,13,15429050368
1791660668.738,3.978,indexer,3459323,2977607,481716,349446144,582205440,117129216,222396416,533098496,107446272,13,15361306624
1791660669.738,4.979,indexer,4653741,4035047,618693,445390848,582205440,122466304,312066048,596066304,124612608,13,15379218432
1791660670.739,5.980,indexer,5801971,5063155,738816,541683712,582205440,123289600,406982656,664035328,158941184,13,15241773056
1791660672.581,7.821,indexer,8403434,7359811,1043623,844189696,844189696,140066816,689909760,866058240,227606528,13,15357358080
1791660673.581,8.822,indexer,9846671,8626310,1220361,1010380800,1010380800,146968576,847634432,978501632,279105536,13,15334924288
1791660674.581,9.822,indexer,11088580,9644791,1443788,1049030656,1082208256,156823552,874450944,1118744576,369594368,13,15237488640
1791660675.581,10.822,indexer,12804420,11183327,1621093,1103306752,1103306752,160800768,923267072,1178951680,421433344,13,15231844352
1791660676.582,11.822,indexer,14506826,12745398,1761428,1219698688,1219698688,163680256,1035251712,1238269952,455831552,13,15273308160
1791660678.420,13.661,indexer,17651285,15592506,2058779,1393762304,1393762304,164986880,1205243904,1319456768,541827072,13,15295709184
1791660679.421,14.661,indexer,19309066,17073894,2235171,1244061696,1437802496,165392384,1054670848,1352298496,595599360,13,15212744704
1791660680.421,15.661,indexer,21088017,18630133,2457883,1275281408,1437802496,167231488,1084125184,1383800832,596824064,13,15222861824
1791660681.421,16.661,indexer,22899394,20230819,2668575,1311719424,1437802496,170553344,1116995584,1414004736,596824064,13,15241900032
1791660682.421,17.662,indexer,24267645,21460093,2807551,1330589696,1437802496,171905024,1134809088,1429831680,596824064,13,15268413440
1791660684.267,19.508,indexer,26709756,23595780,3113975,1441734656,1441734656,191082496,1226174464,1517518848,596824064,13,15270551552
1791660685.267,20.508,indexer,27967797,24685045,3282751,1497042944,1497042944,191651840,1280483328,1570029568,596824064,13,15271989248
1791660686.267,21.508,indexer,29220048,25768893,3451155,1547898880,1547898880,191983616,1331077120,1618874368,596824064,13,15262437376
1791660687.268,22.508,indexer,30633297,27014810,3618486,1601372160,1601372160,192417792,1383837696,1669595136,596824064,13,15253303296
1791660688.268,23.508,indexer,32268144,28444838,3823306,1671323648,1671323648,192630784,1453359104,1736699904,596824064,13,15261241344
1791660690.108,25.348,indexer,34784113,30661245,4122867,1760714752,1760714752,194371584,1540734976,1820430336,596824064,13,15262986240
1791660691.108,26.349,indexer,36371309,32042926,4328383,1800814592,1800814592,196673536,1578119168,1855455232,596824064,13,15250075648
1791660692.108,27.349,indexer,37943460,33452895,4490564,1835155456,1835155456,199495680,1609850880,1884901376,596824064,13,15250255872
1791660693.108,28.349,indexer,39455056,34816301,4638754,1873428480,1873428480,200355840,1646923776,1919922176,596824064,13,15237144576
1791660694.108,29.349,indexer,41240409,36364112,4876297,1955741696,1955741696,205086720,1724186624,1994604544,596824064,13,15225540608
1791660695.946,31.186,indexer,44132578,38844516,5288061,2124816384,2124816384,210755584,1887125504,2153422848,597364736,13,15222857728
1791660696.946,32.186,indexer,45516727,40040153,5476573,2186420224,2186420224,210804736,1948659712,2213203968,597364736,13,15224172544
1791660697.946,33.186,indexer,46871198,41230636,5640561,2248810496,2248810496,210878464,2010374144,2273230848,597364736,13,15223287808
1791660698.946,34.186,indexer,48216107,42386703,5829404,2311200768,2311200768,212783104,2070839296,2331389952,597364736,13,15202803712
1791660699.946,35.187,indexer,49632187,43645758,5986428,2366509056,2366509056,214401024,2124406784,2382884864,597364736,13,15198195712
1791660701.788,37.028,indexer,52193685,45927139,6266546,2472415232,2472415232,223215616,2221285376,2476699648,657616896,13,15186743296
1791660702.788,38.028,indexer,53798320,47351955,6446364,2535329792,2535329792,228794368,2278313984,2531672064,657616896,13,15174918144
1791660703.788,39.029,indexer,55580861,48936791,6644070,2576224256,2576224256,229928960,2317520896,2568925184,657616896,13,15167172608
1791660704.788,40.029,indexer,57174883,50352485,6822398,2623934464,2623934464,230920192,2364133376,2613084160,657616896,13,15159447552
1791660705.789,41.029,indexer,58849705,51858159,6991545,2675052544,2675052544,231809024,2414370816,2661236736,657616896,13,15155511296
1791660707.630,42.870,indexer,62259062,54835943,7423118,2773606400,2773606400,234618880,2509914112,2752671744,657694720,13,15154475008
1791660708.630,43.870,indexer,64249872,56554233,7695639,2885537792,2885799936,236572672,2619748352,2859859968,657694720,13,15146033152
1791660709.630,44.871,indexer,66215274,58283394,7931880,3006124032,3006124032,240631808,2735648768,2972778496,657694720,13,15158923264
1791660710.630,45.871,indexer,68062127,59930325,8131802,3131682816,3131682816,245600256,2855796736,3090268160,657694720,13,15149453312
1791660711.630,46.871,indexer,69837626,61509552,8328073,3266420736,3266420736,250716160,2985177088,3217059840,657838080,13,15143477248
1791660713.470,48.710,indexer,73174460,64506661,8667798,3536429056,3536429056,255033344,3250065408,3477065728,657838080,13,15134949376
1791660714.470,49.710,indexer,75093542,66218420,8875122,3642224640,3642224640,257712128,3352612864,3576881152,657838080,13,15135842304
1791660715.470,50.710,indexer,77038585,67932219,9106366,3750486016,3750486016,260984832,3457318912,3678859264,657838080,13,15128596480
1791660716.470,51.710,indexer,78902670,69582274,9320396,3829223424,3829223424,263442432,3533172736,3751944192,657838080,13,15141699584
1791660717.470,52.710,indexer,80695144,71169572,9525571,3903410176,3903410176,264966144,3605819392,3821928448,657838080,13,15125733376
1791660719.311,54.551,indexer,84085008,74224555,9860453,4070653952,4070653952,270376960,3767242752,3978756096,657838080,13,15117979648
1791660720.311,55.551,indexer,85924075,75890442,10033633,4122750976,4122812416,271822848,3817705472,4026875904,657838080,13,15113084928
1791660721.311,56.551,indexer,87132247,76945628,10186619,4174393344,4174393344,272879616,3867754496,4075376640,657838080,13,15113773056
1791660722.311,57.551,indexer,88709896,78309787,10400109,4234686464,4234686464,274505728,3926347776,4131840000,657838080,13,15103987712
1791660723.311,58.551,indexer,90366363,79803026,10563336,4288806912,4288806912,277008384,3978022912,4181561344,657838080,13,15114878976
1791660725.152,60.393,indexer,93342489,82458193,10884296,4387631104,4387631104,278355968,4075229184,4275294208,657838080,13,15104045056
1791660726.152,61.393,indexer,94650207,83598913,11051294,4445822976,4445822976,279511040,4131733504,4330098688,657838080,13,15108276224
1791660727.152,62.393,indexer,95998184,84779909,11218275,4519747584,4519747584,286052352,4198989824,4395622400,657838080,13,15089152000
1791660728.153,63.393,indexer,97343616,85966053,11377563,4551204864,4551204864,286945280,4229505024,4424421376,657838080,13,15092297728
1791660729.153,64.393,indexer,99325975,87796734,11529241,4602580992,4602580992,308084736,4259549184,4452196352,657838080,13,15074390016
1791660730.994,66.235,indexer,102426054,90510441,11915612,4734693376,4734693376,328929280,4370325504,4558233600,657838080,13,15046168576
1791660731.994,67.235,indexer,103992493,91910829,12081663,4782616576,4782616576,332238848,4414861312,4600102912,657838080,13,15045652480
1791660732.994,68.235,indexer,105469548,93255223,12214324,4819054592,4819054592,332263424,4451172352,4634267648,671592448,13,15027568640
1791660733.994,69.235,indexer,106945986,94553957,12392028,4848939008,4848939008,333488128,4479905792,4661243904,671592448,13,15035678720
1791660734.994,70.235,indexer,107613521,95165123,12448397,4957204480,4957204480,334344192,4587032576,4768374784,671592448,13,15027052544
1791660736.831,72.071,indexer,109180011,96628833,12551178,4996001792,4996001792,335597568,4623839232,4805177344,671592448,13,15033147392
1791660737.831,73.071,indexer,109613094,96941935,12671158,5041287168,5041287168,353280000,4651286528,4832612352,671592448,19,14998659072
1791660738.831,74.071,indexer,109875994,97078819,12797175,5081395200,5081395200,358207488,4686192640,4867518464,671592448,19,14981009408
1791660739.831,75.071,indexer,110058908,97177150,12881758,5107609600,5107609600,359800832,4710780928,4892106752,671592448,19,14958604288
1791660740.831,76.071,indexer,110059478,97177653,12881825,5107871744,5107871744,359895040,4710780928,4892106752,671592448,19,14958858240
1791660742.663,77.903,indexer,110059701,97177850,12881851,5107728384,5107871744,359895040,4710780928,4892106752,733593600,19,14958993408
1791660743.663,78.903,indexer,111442814,98082657,13360156,5272580096,5272580096,402903040,4831916032,5013241856,733593600,24,14913191936
1791660744.663,79.903,indexer,113573255,99537340,14035915,5558632448,5558632448,465350656,5054029824,5188743168,780201984,24,14847090688
1791660745.663,80.903,indexer,115452524,100808845,14643678,5763076096,5763076096,483143680,5239308288,5341478912,812761088,24,14841475072
1791660746.663,81.903,indexer,117535803,102264756,15271046,5978030080,5978030080,503373824,5432659968,5506359296,847245312,24,14824374272
1791660748.516,83.756,indexer,120863148,104551717,16311431,6360485888,6360485888,525459456,5789691904,5774721024,986075136,24,14799257600
1791660749.516,84.756,indexer,122622089,105760113,16861975,6541598720,6541598720,533123072,5961924608,5915525120,1043316736,24,14784708608
1791660750.516,85.757,indexer,124405716,106980944,17424772,6724550656,6724550656,540553216,6135779328,6058401792,1106292736,24,14787923968
1791660751.516,86.757,indexer,126188215,108184940,18003275,6904389632,6904389632,544219136,6310649856,6200717312,1175752704,24,14779920384
1791660752.516,87.757,indexer,127712557,109236808,18475749,7059697664,7059697664,544395264,6464794624,6321967104,1251192832,24,14776078336
1791660754.352,89.592,indexer,130954453,111448378,19506074,7415513088,7415513088,576606208,6785712128,6579904512,1417031680,21,14739095552
1791660755.352,90.592,indexer,132533071,112524390,20008680,7579078656,7579078656,585547776,6938947584,6703280128,1501310976,21,14737223680
1791660756.352,91.592,indexer,134260841,113717415,20543426,7752880128,7752880128,592441344,7104884736,6838886400,1603162112,21,14728052736
1791660757.352,92.592,indexer,135985902,114891094,21094808,7925866496,7925866496,597671936,7271432192,6974554112,1696022528,21,14720139264
1791660758.352,93.592,indexer,137815071,116167210,21647860,8102543360,8102543360,602832896,7441797120,7114170368,1746956288,21,14711091200
1791660760.194,95.435,indexer,140698765,118141437,22557327,8377720832,8377720832,609378304,7708811264,7350333440,1922293760,21,14717972480
1791660761.195,96.435,indexer,142142100,119097143,23044956,8535781376,8535781376,614965248,7860166656,7470759936,2039218176,21,14691164160
1791660762.195,97.435,indexer,143640833,120115282,23525551,8691490816,8691490816,621330432,8008200192,7586844672,2161963008,21,14697705472
1791660763.195,98.435,indexer,145109118,121088643,24020475,8839327744,8839327744,626143232,8150167552,7697190912,2289524736,20,14696509440
1791660764.195,99.435,indexer,146616509,122101815,24514693,8987938816,8987938816,633032704,8290856960,7806840832,2422222848,20,14691614720
1791660766.032,101.272,indexer,149339036,123947578,25391458,9243168768,9243168768,646569984,8530522112,8004710400,2682535936,20,14679482368
1791660767.032,102.272,indexer,151137899,125163780,25974119,9418231808,9418231808,649486336,8701198336,8140013568,2768662528,20,14663299072
1791660768.032,103.272,indexer,152826902,126259345,26567556,9598816256,9598816256,668626944,8861200384,8267964416,2875342848,20,14635900928
1791660769.032,104.272,indexer,154497844,127379684,27118160,9762365440,9762365440,675762176,9016836096,8394158080,2980655104,20,14649720832
1791660770.032,105.272,indexer,155731742,128199663,27532078,9860919296,9860919296,675770368,9114779648,8492101632,3123339264,21,14641332224
1791660771.878,107.118,indexer,158396565,129903049,28493515,10120409088,10120409088,685162496,9362763776,8683274240,3376611328,21,14622027776
1791660772.878,108.118,indexer,160007582,130969084,29038497,10154414080,10258989056,690774016,9392640000,8804683776,3478544384,21,14681522176
1791660773.878,109.118,indexer,161413678,131924810,29488868,10264272896,10264272896,691314688,9501765632,8913817600,3599818752,21,14680231936
1791660774.878,110.119,indexer,162447739,132543285,29904453,10169708544,10275282944,694816768,9405677568,8987295744,3766566912,21,14622244864
1791660775.878,111.119,indexer,163917777,133511928,30405849,10009341952,10275282944,697393152,9245908992,9094131712,3894837248,21,14620479488
1791660777.713,112.953,indexer,166606755,135310665,31296090,10248114176,10275282944,702160896,9478717440,9298739200,4109877248,21,14641164288
1791660778.713,113.953,indexer,167698717,135971848,31726868,10189189120,10293977088,705323008,9416155136,9372446720,4286918656,21,14660349952
1791660779.713,114.953,indexer,169406748,137057210,32349538,10297184256,10324185088,709300224,9518927872,9499602944,4374048768,21,14664970240
1791660780.713,115.953,indexer,170962457,138081231,32881226,10439512064,10439512064,712704000,9656926208,9609523200,4480491520,21,14644391936
1791660781.713,116.953,indexer,171677668,138536587,33141081,10363744256,10475425792,712704000,9581416448,9654849536,4651909120,21,14665723904
1791660783.556,118.797,indexer,173992178,139997227,33994950,10307883008,10475425792,714813440,9522323456,9797402624,4903821312,21,14619238400
1791660784.556,119.797,indexer,175483180,140991121,34492059,10287165440,10475425792,714813440,9501249536,9897426944,5002862592,21,14666756096
1791660785.557,120.797,indexer,176524279,141694805,34829473,10355056640,10475425792,714932224,9569034240,9965195264,5136498688,21,14662606848
1791660786.557,121.797,indexer,177501543,142288231,35213311,10291343360,10475425792,714932224,9504878592,10028146688,5265240064,21,14663835648
1791660787.557,122.797,indexer,178679273,143041839,35637434,10448642048,10475425792,717312000,9659248640,10152497152,5397295104,21,14652162048
1791660789.389,124.629,indexer,180255798,144041205,36214593,10624135168,10624135168,717385728,9834172416,10356932608,5603233792,21,14636208128
1791660790.389,125.629,indexer,181648568,144953391,36695176,10577203200,10684424192,718581760,9785372672,10474758144,5688688640,21,14658056192
1791660791.389,126.629,indexer,182286487,145312096,36974391,10623074304,10684424192,718581760,9831231488,10520616960,5833457664,21,14653857792
1791660792.389,127.629,indexer,183898494,146307112,37591381,10641055744,10774069248,738873344,9827291136,10681659392,5917085696,21,14642802688
1791660793.389,128.630,indexer,184465660,146659377,37806283,10749321216,10774069248,739078144,9935429632,10789789696,6037401600,21,14625431552
1791660795.233,130.474,indexer,186336417,147774534,38561882,10796199936,10796199936,739721216,9980661760,10969600000,6238437376,21,14614777856
1791660796.234,131.474,indexer,187019976,148180404,38839572,10805899264,10843648000,739721216,9989996544,11026903040,6365122560,21,14629675008
1791660797.234,132.474,indexer,188563715,149202958,39360756,10912059392,10920972288,739880960,10095288320,11170922496,6445785088,21,14628986880
1791660798.234,133.474,indexer,189726713,149964897,39761816,11013242880,11013242880,739880960,10196729856,11272364032,6558343168,22,14614581248
1791660799.234,134.474,indexer,190263529,150272390,39991139,11054395392,11054395392,743956480,10232868864,11323404288,6683619328,22,14613004288
1791660801.067,136.307,indexer,191857696,151272354,40585342,11039555584,11091996672,744697856,10216579072,11469479936,6905487360,22,14630572032
1791660802.067,137.307,indexer,193280841,152167011,41113829,11098800128,11171414016,746291200,10273337344,11662446592,6989705216,22,14606159872
1791660803.067,138.308,indexer,193714455,152426012,41288442,11147403264,11171414016,746291200,10322051072,11711160320,7117287424,22,14600679424
1791660804.067,139.308,indexer,195151610,153315348,41836262,11202183168,11248320512,749215744,10373083136,11871166464,7203459072,22,14555279360
1791660805.067,140.308,indexer,195725326,153659143,42066182,11275538432,11275538432,749215744,10446245888,11944378368,7309619200,22,14560559104
1791660806.908,142.149,indexer,197639560,154851883,42787676,11323764736,11362045952,749641728,10492973056,12132921344,7500636160,22,14614720512
1791660807.909,143.149,indexer,198546321,155384304,43162016,11352043520,11440680960,751095808,10519220224,12305969152,7611953152,22,14611972096
1791660808.909,144.149,indexer,199558475,156037476,43520998,11473993728,11497271296,757473280,10634264576,12479725568,7699668992,22,14607630336
1791660809.909,145.149,indexer,200021097,156322287,43698809,11439140864,11497271296,757473280,10599415808,12532023296,7842967552,22,14622855168
1791660810.909,146.149,indexer,201856669,157523853,44332816,11669291008,11669291008,757473280,10829135872,12746756096,7907332096,22,14607548416
1791660812.742,147.983,indexer,203526856,158577076,44949779,11629146112,11788550144,757772288,10787987456,12932055040,8099459072,21,14604181504
1791660813.742,148.983,indexer,203957768,158798390,45159378,11718021120,11788550144,757772288,10876903424,13020971008,8220200960,21,14576861184
1791660814.743,149.983,indexer,204684540,159170134,45514405,11894968320,11894968320,759238656,11051995136,13346304000,8318930944,21,14586499072
1791660815.743,150.983,indexer,205125124,159408164,45716959,11923804160,12028923904,772788224,11067297792,13575778304,8407461888,21,14580092928
1791660816.743,151.983,indexer,206166141,160015962,46150178,12258910208,12258910208,784588800,11390431232,14038888448,8435970048,21,14584803328
1791660818.579,153.820,indexer,208061015,161184359,46876655,12301520896,12364980224,820752384,11395780608,14498521088,8616742912,17,14533607424
1791660819.579,154.820,indexer,208146489,161213292,46933197,12306657280,12364980224,820752384,11400990720,14498525184,8783290368,16,14530203648
1791660820.579,155.820,indexer,208151990,161217111,46934878,12309803008,12364980224,823742464,11400990720,14498525184,8783290368,16,14525341696
1791660821.580,156.820,indexer,208152497,161217504,46934993,12309803008,12364980224,823742464,11400990720,14498525184,8783290368,16,14525095936
1791660822.580,157.820,indexer,208155562,161219775,46935786,12309803008,12364980224,823828480,11400990720,14498525184,8783290368,16,14525095936
1791660823.580,158.820,indexer,208158729,161222464,46936264,12309803008,12364980224,823828480,11400990720,14498525184,8783290368,16,14525497344
1791660824.580,159.820,indexer,208161500,161225082,46936417,12309803008,12364980224,823828480,11400990720,14498525184,8783290368,16,14525456384
1791660825.580,160.820,indexer,208162160,161225593,46936566,12309803008,12364980224,823914496,11400990720,14498525184,8783290368,16,14525427712
1791660826.580,161.820,indexer,208164769,161228086,46936682,12310065152,12364980224,823914496,11400990720,14498525184,8783290368,16,14525198336
1791660827.580,162.820,indexer,208167446,161230631,46936814,12310065152,12364980224,824143872,11400990720,14498525184,8783290368,16,14525198336
1791660828.580,163.821,indexer,208170962,161234148,46936814,12310065152,12364980224,824143872,11400990720,14498525184,8783290368,16,14525198336
1791660829.580,164.821,indexer,208171643,161234829,46936814,12310065152,12364980224,824143872,11400990720,14498525184,8783290368,16,14525247488
1791660830.580,165.821,indexer,208174263,161237449,46936814,12310065152,12364980224,824143872,11400990720,14498525184,8783290368,16,14525247488
1791660831.580,166.821,indexer,208174733,161237918,46936814,12310065152,12364980224,824143872,11400990720,14498525184,8783290368,16,14525247488
1791660832.581,167.821,indexer,208177517,161240702,46936814,12310065152,12364980224,824143872,11400990720,14498525184,8783290368,16,14525247488
1791660833.581,168.821,indexer,208179980,161242596,46937383,12310065152,12364980224,824143872,11400990720,14498525184,8783290368,16,14525255680
1791660834.581,169.821,indexer,208182435,161245051,46937383,12310065152,12364980224,824143872,11400990720,14498525184,8783290368,16,14525255680
1791660835.581,170.821,indexer,208183040,161245656,46937383,12310065152,12364980224,824143872,11400990720,14498525184,8783294464,16,14525255680
1791660836.581,171.821,indexer,208185471,161247218,46938252,12310065152,12364980224,824143872,11400990720,14498525184,8783294464,16,14524997632
1791660837.581,172.821,indexer,208186302,161248050,46938252,12310065152,12364980224,824143872,11400990720,14498525184,8783294464,16,14524395520
1791660838.581,173.821,indexer,208189545,161251292,46938252,12310564864,12364980224,824721408,11400990720,14498525184,8783294464,16,14523621376
1791660839.581,174.822,indexer,208190476,161252039,46938436,12310564864,12364980224,824721408,11400990720,14498525184,8783294464,16,14523449344
1791660840.581,175.822,indexer,208193130,161253992,46939137,12310564864,12364980224,824721408,11400990720,14498525184,8783294464,16,14523002880
1791660841.581,176.822,indexer,208193674,161254414,46939260,12310564864,12364980224,824721408,11400990720,14498525184,8783294464,16,14522945536
1791660842.581,177.822,indexer,208196258,161255840,46940417,12310564864,12364980224,824721408,11400990720,14498525184,8783294464,16,14522945536
1791660843.582,178.822,indexer,208197539,161256021,46941517,12310564864,12364980224,824721408,11400990720,14498525184,8783294464,16,14522945536
1791660844.582,179.822,indexer,208199943,161258355,46941587,12310536192,12364980224,824741888,11400990720,14498525184,8783294464,16,14522945536
1791660845.582,180.822,indexer,208200602,161258866,46941735,12310536192,12364980224,824741888,11400990720,14498525184,8783294464,16,14522945536
1791660846.582,181.822,indexer,208202743,161261007,46941735,12310798336,12364980224,824741888,11400990720,14498525184,8783294464,16,14522945536
1791660847.582,182.822,indexer,208203482,161261746,46941735,12310798336,12364980224,824741888,11400990720,14498525184,8783294464,16,14522953728
1791660848.582,183.822,indexer,208206372,161264636,46941735,12310798336,12364980224,824741888,11400990720,14498525184,8783294464,16,14522953728
1791660849.582,184.823,indexer,208207954,161265063,46942891,12310781952,12364980224,824754176,11400990720,14498525184,8783294464,16,14522785792
1791660850.582,185.823,indexer,208210175,161267255,46942919,12310761472,12364980224,824754176,11400990720,14498525184,8783294464,16,14522421248
1791660851.582,186.823,indexer,208210673,161267753,46942919,12310761472,12364980224,824754176,11400990720,14498525184,8783294464,16,14522421248
1791660852.582,187.823,indexer,208213003,161270083,46942919,12311023616,12364980224,824754176,11400990720,14498525184,8783294464,16,14522421248
1791660853.583,188.823,indexer,208214177,161271257,46942919,12311019520,12364980224,824754176,11400990720,14498525184,8783294464,16,14522433536
1791660854.583,189.823,indexer,208216321,161273402,46942919,12311019520,12364980224,824754176,11400990720,14498525184,8783294464,16,14522433536
1791660855.583,190.823,indexer,208218041,161273402,46944639,12311019520,12364980224,824754176,11400990720,14498525184,8783294464,16,14522187776
1791660856.583,191.823,indexer,208220306,161275667,46944639,12311019520,12364980224,824754176,11400990720,14498525184,8783294464,16,14522187776
1791660857.583,192.824,indexer,208223211,161278571,46944639,12311019520,12364980224,824754176,11400990720,14498525184,8783294464,16,14521585664
1791660858.583,193.824,indexer,208225821,161281182,46944639,12311019520,12364980224,824754176,11400990720,14498525184,8783294464,16,14521413632
1791660859.583,194.824,indexer,208230800,161286160,46944639,12310786048,12364980224,824754176,11400990720,14498525184,8783294464,16,14510055424
1791660860.583,195.824,indexer,208233261,161288621,46944639,12310786048,12364980224,824754176,11400990720,14498525184,8783294464,16,14510137344
1791660861.584,196.824,indexer,208233762,161288621,46945141,12310786048,12364980224,824766464,11400990720,14498525184,8783294464,16,14510137344
1791660862.584,197.824,indexer,208236331,161291190,46945141,12310736896,12364980224,824766464,11400990720,14498525184,8783294464,16,14510137344
1791660863.584,198.824,indexer,208237637,161292495,46945141,12310736896,12364980224,824791040,11400990720,14498525184,8783294464,16,14509936640
1791660864.584,199.824,indexer,208239853,161294712,46945141,12310999040,12364980224,824791040,11400990720,14498525184,8783294464,16,14509899776
1791660865.584,200.824,indexer,208241435,161296294,46945141,12310999040,12364980224,824791040,11400990720,14498525184,8783294464,16,14509899776
1791660866.584,201.825,indexer,208243347,161298206,46945141,12310999040,12364980224,824791040,11400990720,14498525184,8783294464,16,14509903872
1791660867.584,202.825,indexer,208244228,161299087,46945141,12310999040,12364980224,824791040,11400990720,14498525184,8783294464,16,14509903872
1791660868.584,203.825,indexer,208246974,161301833,46945141,12311248896,12364980224,824791040,11400990720,14498525184,8783294464,16,14510063616
1791660869.584,204.825,indexer,208247498,161302357,46945141,12311248896,12364980224,824791040,11400990720,14498525184,8783294464,16,14510178304
1791660870.585,205.825,indexer,208249601,161304460,46945141,12310978560,12364980224,824791040,11400990720,14498525184,8783294464,16,14512996352
1791660871.585,206.825,indexer,208250430,161305289,46945141,12310978560,12364980224,824791040,11400990720,14498525184,8783298560,16,14512996352
1791660872.585,207.825,indexer,208252653,161307059,46945593,12310978560,12364980224,824791040,11400990720,14498525184,8783298560,16,14513090560
1791660873.585,208.825,indexer,208253771,161308178,46945593,12310978560,12364980224,824791040,11400990720,14498525184,8783298560,16,14513090560
1791660874.585,209.825,indexer,208255752,161310159,46945593,12310978560,12364980224,824791040,11400990720,14498525184,8783298560,16,14513090560
1791660875.585,210.826,indexer,208256500,161310644,46945855,12310978560,12364980224,824791040,11400990720,14498525184,8783298560,16,14513090560
1791660876.585,211.826,indexer,208258355,161312499,46945855,12310978560,12364980224,824791040,11400990720,14498525184,8783298560,16,14513090560
1791660877.585,212.826,indexer,208259205,161313349,46945855,12310978560,12364980224,824791040,11400990720,14498525184,8783298560,16,14513090560
1791660878.586,213.826,indexer,208261863,161316007,46945855,12310978560,12364980224,824791040,11400990720,14498525184,8783298560,16,14513188864
1791660879.586,214.826,indexer,208262555,161316699,46945855,12310978560,12364980224,824791040,11400990720,14498525184,8783298560,16,14513188864
1791660880.586,215.826,indexer,208264557,161317962,46946595,12310978560,12364980224,824791040,11400990720,14498525184,8783298560,16,14508355584
1791660881.586,216.826,indexer,208265985,161319390,46946595,12310978560,12364980224,824791040,11400990720,14498525184,8783298560,16,14507581440
1791660882.586,217.826,indexer,208268209,161320113,46948096,12311240704,12364980224,825245696,11400990720,14498525184,8783298560,16,14507581440
1791660883.586,218.827,indexer,208269682,161320679,46949002,12311232512,12364980224,825245696,11400990720,14498525184,8783298560,16,14507581440
1791660884.586,219.827,indexer,208271610,161322607,46949002,12311232512,12364980224,825245696,11400990720,14498525184,8783298560,16,14507581440
1791660885.586,220.827,indexer,208272203,161323200,46949002,12311232512,12364980224,825245696,11400990720,14498525184,8783298560,16,14507581440
1791660886.587,221.827,indexer,208274081,161324219,46949861,12311232512,12364980224,825245696,11400990720,14498525184,8783298560,16,14507581440
1791660887.587,222.827,indexer,208277232,161327132,46950100,12311232512,12364980224,825245696,11400990720,14498525184,8783298560,16,14507581440
1791660888.587,223.827,indexer,208279596,161329435,46950161,12311232512,12364980224,825249792,11400990720,14498525184,8783298560,16,14507581440
1791660889.587,224.827,indexer,208281234,161330129,46951105,12311240704,12364980224,825249792,11400990720,14498525184,8783298560,16,14507581440
1791660890.587,225.827,indexer,208283267,161332162,46951105,12311240704,12364980224,825249792,11400990720,14498525184,8783298560,16,14503952384
1791660891.587,226.827,indexer,208283783,161332575,46951207,12311240704,12364980224,825249792,11400990720,14498525184,8783298560,16,14503952384
1791660892.587,227.828,indexer,208285918,161334710,46951207,12311240704,12364980224,825249792,11400990720,14498525184,8783298560,16,14503706624
1791660893.587,228.828,indexer,208287089,161335882,46951207,12311240704,12364980224,825249792,11400990720,14498525184,8783298560,16,14503706624
1791660894.587,229.828,indexer,208289042,161337834,46951207,12311240704,12364980224,825249792,11400990720,14498525184,8783298560,16,14503706624
1791660895.587,230.828,indexer,208289699,161338491,46951207,12311142400,12364980224,825249792,11400990720,14498525184,8783298560,16,14503706624
1791660896.588,231.828,indexer,208291744,161340290,46951454,12311388160,12364980224,825249792,11400990720,14498525184,8783298560,16,14503706624
1791660897.588,232.828,indexer,208293179,161341402,46951777,12311650304,12364980224,825294848,11400990720,14498525184,8783298560,16,14503706624
1791660898.588,233.828,indexer,208295563,161343484,46952079,12311375872,12364980224,825294848,11400990720,14498525184,8783298560,16,14503706624
1791660899.588,234.828,indexer,208296152,161343940,46952211,12311375872,12364980224,825294848,11400990720,14498525184,8783298560,16,14503448576
1791660900.588,235.828,indexer,208298062,161345851,46952211,12308234240,12364980224,825294848,11397849088,14498525184,8783298560,16,14506078208
1791660901.588,236.829,indexer,208298598,161346386,46952211,12307976192,12364980224,825294848,11397849088,14498525184,8783298560,16,14505877504
1791660902.588,237.829,indexer,208300874,161348663,46952211,12308234240,12364980224,825294848,11397849088,14498525184,8783302656,16,14505660416
1791660903.588,238.829,indexer,208303724,161351513,46952211,12308488192,12364980224,825294848,11397849088,14498525184,8783302656,16,14505660416
1791660904.588,239.829,indexer,208305577,161353365,46952211,12308488192,12364980224,825294848,11397849088,14498525184,8783302656,16,14505754624
1791660905.589,240.829,indexer,208306194,161353982,46952211,12308488192,12364980224,825294848,11397849088,14498525184,8783302656,16,14505758720
1791660906.589,241.829,indexer,208308058,161355846,46952211,12308488192,12364980224,825294848,11397849088,14498525184,8783302656,16,14505758720
1791660907.589,242.829,indexer,208308815,161356604,46952211,12308488192,12364980224,825294848,11397849088,14498525184,8783302656,16,14505758720
1791660908.589,243.829,indexer,208311459,161358525,46952934,12308221952,12364980224,825294848,11397849088,14498525184,8783302656,16,14505529344
1791660909.589,244.829,indexer,208312117,161359034,46953082,12308221952,12364980224,825294848,11397849088,14498525184,8783302656,16,14505529344
1791660910.589,245.830,indexer,208314086,161361003,46953082,12308484096,12364980224,825294848,11397849088,14498525184,8783302656,16,14505533440
1791660911.589,246.830,indexer,208314553,161361393,46953160,12308484096,12364980224,825294848,11397849088,14498525184,8783302656,16,14491525120
1791660912.589,247.830,indexer,208316609,161363449,46953160,12308484096,12364980224,825294848,11397849088,14498525184,8783302656,16,14491525120
1791660913.589,248.830,indexer,208318586,161365425,46953160,12308484096,12364980224,825294848,11397849088,14498525184,8783302656,16,14491541504
1791660914.590,249.830,indexer,208320825,161366856,46953968,12308480000,12364980224,825294848,11397849088,14498525184,8783302656,16,14491553792
1791660915.590,250.830,indexer,208321490,161367371,46954118,12308480000,12364980224,825294848,11397849088,14498525184,8783302656,16,14491553792
1791660916.590,251.830,indexer,208323234,161368958,46954276,12308480000,12364980224,825294848,11397849088,14498525184,8783302656,16,14491553792
1791660917.590,252.830,indexer,208325975,161371699,46954276,12308217856,12364980224,825294848,11397849088,14498525184,8783302656,16,14491340800
1791660918.590,253.830,indexer,208328399,161374123,46954276,12308480000,12364980224,825294848,11397849088,14498525184,8783302656,16,14491308032
1791660919.590,254.830,indexer,208329621,161375321,46954300,12308480000,12364980224,825294848,11397849088,14498525184,8783302656,16,14491308032
1791660920.590,255.831,indexer,208335841,161380272,46955569,12308475904,12364980224,825294848,11397849088,14498525184,8783302656,16,14491308032
1791660921.590,256.831,indexer,208336343,161380774,46955569,12305330176,12364980224,825294848,11394703360,14498525184,8783302656,16,14543892480
1791660922.590,257.831,indexer,208338351,161382781,46955569,12305326080,12364980224,825294848,11394703360,14498525184,8783302656,16,14542901248
1791660923.590,258.831,indexer,208339496,161383927,46955569,12305317888,12364980224,825294848,11394703360,14498525184,8783302656,16,14542585856
1791660924.591,259.831,indexer,208341404,161385834,46955569,12305317888,12364980224,825294848,11394703360,14498525184,8783302656,16,14542356480
1791660925.591,260.831,indexer,208342008,161386438,46955569,12305317888,12364980224,825294848,11394703360,14498525184,8783302656,16,14542110720
1791660926.591,261.831,indexer,208343822,161388252,46955569,12305317888,12364980224,825294848,11394703360,14498525184,8783302656,16,14541508608
1791660927.591,262.831,indexer,208344584,161389014,46955569,12305317888,12364980224,825294848,11394703360,14498525184,8783302656,16,14540304384
1791660928.591,263.831,indexer,208346963,161390906,46956056,12305309696,12364980224,825294848,11394703360,14498525184,8783302656,16,14540304384
1791660929.591,264.832,indexer,208348633,161392577,46956056,12305309696,12364980224,825294848,11394703360,14498525184,8783302656,16,14540304384
1791660930.591,265.832,indexer,208350512,161394455,46956056,12305309696,12364980224,825294848,11394703360,14498525184,8783302656,16,14540304384
1791660931.591,266.832,indexer,208351090,161395034,46956056,12302163968,12364980224,825294848,11391557632,14498525184,8783302656,16,14552043520
1791660932.591,267.832,indexer,208353062,161396810,46956251,12302159872,12364980224,825294848,11391557632,14498525184,8783302656,16,14551375872
1791660933.592,268.832,indexer,208354145,161397649,46956495,12302151680,12364980224,825294848,11391557632,14498525184,8783306752,16,14549569536
1791660934.592,269.832,indexer,208356085,161398577,46957508,12302151680,12364980224,825294848,11391557632,14498525184,8783306752,16,14549569536
1791660935.592,270.832,indexer,208357124,161399616,46957508,12302151680,12364980224,825294848,11391557632,14498525184,8783306752,16,14549569536
1791660936.592,271.832,indexer,208359079,161400557,46958521,12302151680,12364980224,825294848,11391557632,14498525184,8783306752,16,14549340160
1791660937.592,272.832,indexer,208359743,161401072,46958671,12302151680,12364980224,825294848,11391557632,14498525184,8783306752,16,14549340160
1791660938.592,273.832,indexer,208362185,161403513,46958671,12302147584,12364980224,825294848,11391557632,14498525184,8783306752,16,14549082112
1791660939.592,274.833,indexer,208362783,161404111,46958671,12301529088,12364980224,825294848,11391557632,14498525184,8783306752,16,14547648512
1791660940.592,275.833,indexer,208364587,161405916,46958671,12301791232,12364980224,825294848,11391557632,14498525184,8783306752,16,14547484672
1791660941.592,276.833,indexer,208365063,161405916,46959147,12301791232,12364980224,825294848,11391557632,14498525184,8783306752,16,14547484672
1791660942.593,277.833,indexer,208367157,161407655,46959501,12301791232,12364980224,825294848,11391557632,14498525184,8783306752,16,14547484672
1791660943.593,278.833,indexer,208368293,161408771,46959521,12301787136,12364980224,825294848,11391557632,14498525184,8783306752,16,14533689344
