t,elapsed_s,index_bytes
1791661088.617,0.040,0
1791661149.515,60.938,501555200
1791661209.672,121.095,1669406720
1791661269.678,181.101,3476430848
1791661329.684,241.108,4985565184
1791661389.691,301.114,6332997632
1791661449.697,361.121,7996850176
1791661509.703,421.126,9532686336
1791661569.785,481.208,10621284352
1791661630.184,541.607,11857657856
1791661690.782,602.205,13296840704
1791661751.518,662.942,14181740544
1791661811.976,723.399,15699496960
1791661872.315,783.738,16747933696
1791661933.311,844.734,17737916416
1791661993.728,905.152,18820706304
1791662053.935,965.358,19806629888
1791662114.711,1026.134,20974276608
1791662174.717,1086.140,22083809280
1791662234.723,1146.147,22627860480
1791662294.729,1206.152,23204986880
1791662354.735,1266.158,23692054528
1791662414.742,1326.165,23692054528
1791662474.749,1386.172,23692054528
