t,elapsed_s,metric,value
1791661136.860,2.994,ztreamer_index_durable_block_height,nan
1791661136.860,2.994,ztreamer_index_generation,0.0
1791661136.860,2.994,ztreamer_index_sealed_block_height,nan
1791661138.861,4.994,ztreamer_index_sealed_block_height,nan
1791661138.861,4.994,ztreamer_index_durable_block_height,nan
1791661141.726,7.859,ztreamer_index_durable_block_height,nan
1791661141.726,7.859,ztreamer_index_sealed_block_height,nan
1791661143.726,9.860,ztreamer_index_sealed_block_height,nan
1791661143.726,9.860,ztreamer_index_durable_block_height,nan
1791661145.728,11.861,ztreamer_index_durable_block_height,nan
1791661145.728,11.861,ztreamer_index_sealed_block_height,nan
1791661148.587,14.720,ztreamer_index_durable_block_height,nan
1791661148.587,14.720,ztreamer_index_sealed_block_height,nan
1791661150.587,16.720,ztreamer_index_durable_block_height,nan
1791661150.587,16.720,ztreamer_index_sealed_block_height,nan
1791661153.428,19.561,ztreamer_index_sealed_block_height,nan
1791661153.428,19.561,ztreamer_index_durable_block_height,nan
1791661155.428,21.561,ztreamer_index_sealed_block_height,nan
1791661155.428,21.561,ztreamer_index_durable_block_height,nan
1791661157.428,23.561,ztreamer_index_durable_block_height,nan
1791661157.428,23.561,ztreamer_index_sealed_block_height,nan
1791661160.269,26.402,ztreamer_index_durable_block_height,nan
1791661160.269,26.402,ztreamer_index_sealed_block_height,nan
1791661162.269,28.402,ztreamer_index_sealed_block_height,nan
1791661162.269,28.402,ztreamer_index_durable_block_height,nan
1791661165.112,31.245,ztreamer_index_durable_block_height,nan
1791661165.112,31.245,ztreamer_index_sealed_block_height,nan
1791661167.112,33.245,ztreamer_index_durable_block_height,nan
1791661167.112,33.245,ztreamer_index_sealed_block_height,nan
1791661169.112,35.245,ztreamer_index_durable_block_height,nan
1791661169.112,35.245,ztreamer_index_sealed_block_height,nan
1791661171.956,38.089,ztreamer_index_sealed_block_height,nan
1791661171.956,38.089,ztreamer_index_durable_block_height,nan
1791661173.956,40.089,ztreamer_index_sealed_block_height,nan
1791661173.956,40.089,ztreamer_index_durable_block_height,nan
1791661176.805,42.938,ztreamer_index_durable_block_height,nan
1791661176.805,42.938,ztreamer_index_sealed_block_height,nan
1791661178.805,44.938,ztreamer_index_durable_block_height,nan
1791661178.805,44.938,ztreamer_index_sealed_block_height,nan
1791661180.805,46.938,ztreamer_index_durable_block_height,nan
1791661180.805,46.938,ztreamer_index_sealed_block_height,nan
1791661183.650,49.783,ztreamer_index_sealed_block_height,nan
1791661183.650,49.783,ztreamer_index_durable_block_height,nan
1791661185.650,51.783,ztreamer_index_durable_block_height,nan
1791661185.650,51.783,ztreamer_index_sealed_block_height,nan
1791661188.498,54.631,ztreamer_index_sealed_block_height,nan
1791661188.498,54.631,ztreamer_index_durable_block_height,nan
1791661190.498,56.632,ztreamer_index_durable_block_height,nan
1791661190.498,56.632,ztreamer_index_sealed_block_height,nan
1791661192.499,58.632,ztreamer_index_sealed_block_height,nan
1791661192.499,58.632,ztreamer_index_durable_block_height,nan
1791661195.340,61.473,ztreamer_index_durable_block_height,nan
1791661195.340,61.473,ztreamer_index_sealed_block_height,nan
1791661197.340,63.473,ztreamer_index_sealed_block_height,nan
1791661197.340,63.473,ztreamer_index_durable_block_height,nan
1791661200.186,66.319,ztreamer_index_sealed_block_height,nan
1791661200.186,66.319,ztreamer_index_durable_block_height,nan
1791661202.186,68.319,ztreamer_index_sealed_block_height,nan
1791661202.186,68.319,ztreamer_index_durable_block_height,nan
1791661204.187,70.320,ztreamer_index_durable_block_height,nan
1791661204.187,70.320,ztreamer_index_sealed_block_height,nan
1791661207.035,73.168,ztreamer_index_sealed_block_height,nan
1791661207.035,73.168,ztreamer_index_durable_block_height,nan
1791661209.035,75.168,ztreamer_index_durable_block_height,nan
1791661209.035,75.168,ztreamer_index_sealed_block_height,nan
1791661211.878,78.011,ztreamer_index_durable_block_height,nan
1791661211.878,78.011,ztreamer_index_sealed_block_height,nan
1791661213.878,80.011,ztreamer_index_sealed_block_height,nan
1791661213.878,80.011,ztreamer_index_durable_block_height,nan
1791661215.879,82.012,ztreamer_index_sealed_block_height,nan
1791661215.879,82.012,ztreamer_index_durable_block_height,nan
1791661218.724,84.857,ztreamer_index_sealed_block_height,nan
1791661218.724,84.857,ztreamer_index_durable_block_height,nan
1791661220.724,86.857,ztreamer_index_durable_block_height,nan
1791661220.724,86.857,ztreamer_index_sealed_block_height,nan
1791661223.567,89.700,ztreamer_index_durable_block_height,nan
1791661223.567,89.700,ztreamer_index_sealed_block_height,nan
1791661225.567,91.701,ztreamer_index_sealed_block_height,nan
1791661225.567,91.701,ztreamer_index_durable_block_height,nan
1791661227.568,93.701,ztreamer_index_sealed_block_height,nan
1791661227.568,93.701,ztreamer_index_durable_block_height,nan
1791661230.413,96.546,ztreamer_index_sealed_block_height,nan
1791661230.413,96.546,ztreamer_index_durable_block_height,nan
1791661232.413,98.546,ztreamer_index_sealed_block_height,nan
1791661232.413,98.546,ztreamer_index_durable_block_height,nan
1791661235.258,101.391,ztreamer_index_sealed_block_height,nan
1791661235.258,101.391,ztreamer_index_durable_block_height,nan
1791661237.258,103.391,ztreamer_index_sealed_block_height,nan
1791661237.258,103.391,ztreamer_index_durable_block_height,nan
1791661239.258,105.391,ztreamer_index_durable_block_height,nan
1791661239.258,105.391,ztreamer_index_sealed_block_height,nan
1791661242.103,108.236,ztreamer_index_durable_block_height,nan
1791661242.103,108.236,ztreamer_index_sealed_block_height,nan
1791661244.103,110.236,ztreamer_index_durable_block_height,nan
1791661244.103,110.236,ztreamer_index_sealed_block_height,nan
1791661246.942,113.075,ztreamer_index_durable_block_height,nan
1791661246.942,113.075,ztreamer_index_sealed_block_height,nan
1791661248.942,115.075,sync_zakura_apply_epoch,0.0
1791661248.942,115.075,ztreamer_index_sealed_block_height,nan
1791661248.942,115.075,sync_zakura_apply_phase,0.0
1791661248.942,115.075,sync_zakura_service_block_applying,0.0
1791661248.942,115.075,sync_zakura_service_header_enabled,0.0
1791661248.942,115.075,ztreamer_index_durable_block_height,nan
1791661250.942,117.075,sync_header_reactor_iterations,2.0
1791661250.942,117.075,sync_zakura_apply_epoch,1.0
1791661250.942,117.075,sync_block_sequencer_input_decoded_attributed_memory_bytes,0.0
1791661250.942,117.075,sync_zakura_service_header_enabled,1.0
1791661250.942,117.075,sync_block_active_pipeline_decoded_attributed_memory_bytes,0.0
1791661250.942,117.075,sync_header_chain_body_unavailable_active,0.0
1791661250.942,117.075,ztreamer_index_sealed_block_height,nan
1791661250.942,117.075,ztreamer_index_durable_block_height,nan
1791661250.942,117.075,sync_block_reorder_buffered_bytes,0.0
1791661250.942,117.075,sync_header_chain_generation_verified,1.0
1791661250.942,117.075,sync_block_applying_decoded_attributed_memory_bytes,0.0
1791661250.942,117.075,sync_block_verified_tip_height,4382897.0
1791661250.942,117.075,sync_header_chain_frontier_finalized_height,4382897.0
1791661250.942,117.075,sync_estimated_distance_to_tip,20300.0
1791661250.942,117.075,sync_block_reorder_decoded_attributed_memory_bytes,0.0
1791661250.942,117.075,sync_header_chain_generation_header,1.0
1791661250.942,117.075,sync_header_chain_alarm_migrated_pin_refuted,0.0
1791661250.942,117.075,sync_block_best_header_tip_height,4382897.0
1791661250.942,117.075,sync_block_budget_reserved_bytes,0.0
1791661250.942,117.075,sync_zakura_service_block_applying,1.0
1791661250.942,117.075,sync_header_chain_frontier_verified_best_height,4382897.0
1791661250.942,117.075,sync_block_outstanding,0.0
1791661250.942,117.075,sync_block_applying,0.0
1791661250.942,117.075,sync_zakura_apply_phase,1.0
1791661250.942,117.075,sync_header_chain_alarm_resource_stalled,0.0
1791661250.942,117.075,sync_block_missing_bodies,0.0
1791661250.942,117.075,sync_header_chain_frontier_header_best_height,4382897.0
1791661250.942,117.075,sync_estimated_network_tip_height,4403197.0
1791661250.942,117.075,sync_header_chain_frontier_divergence,0.0
1791661253.778,119.912,ztreamer_index_durable_block_height,nan
1791661253.778,119.912,ztreamer_index_sealed_block_height,nan
1791661255.779,121.912,ztreamer_index_sealed_block_height,nan
1791661255.779,121.912,ztreamer_index_durable_block_height,nan
1791661258.614,124.747,ztreamer_index_sealed_block_height,nan
1791661258.614,124.747,ztreamer_index_durable_block_height,nan
1791661260.614,126.747,ztreamer_index_durable_block_height,nan
1791661260.614,126.747,ztreamer_index_sealed_block_height,nan
1791661262.614,128.747,ztreamer_index_generation,2.0
1791661262.614,128.747,ztreamer_index_durable_block_height,174999.0
1791661262.614,128.747,ztreamer_index_sealed_block_height,174999.0
1791661265.460,131.593,ztreamer_index_sealed_block_height,377999.0
1791661265.460,131.593,ztreamer_index_generation,5.0
1791661265.460,131.593,ztreamer_index_durable_block_height,377999.0
1791661267.460,133.594,ztreamer_index_generation,8.0
1791661267.460,133.594,ztreamer_index_sealed_block_height,625999.0
1791661267.460,133.594,ztreamer_index_durable_block_height,626114.0
1791661270.300,136.433,ztreamer_index_durable_block_height,883936.0
1791661270.300,136.433,ztreamer_index_generation,11.0
1791661270.300,136.433,ztreamer_index_sealed_block_height,882999.0
1791661272.300,138.433,ztreamer_index_generation,13.0
1791661272.300,138.433,ztreamer_index_sealed_block_height,1043999.0
1791661272.300,138.433,ztreamer_index_durable_block_height,1044398.0
1791661274.300,140.434,ztreamer_index_generation,16.0
1791661274.300,140.434,ztreamer_index_durable_block_height,1294799.0
1791661274.300,140.434,ztreamer_index_sealed_block_height,1293999.0
1791661277.143,143.276,ztreamer_index_sealed_block_height,1552999.0
1791661277.143,143.276,ztreamer_index_durable_block_height,1552999.0
1791661277.143,143.276,ztreamer_index_generation,19.0
1791661279.143,145.276,ztreamer_index_durable_block_height,1726924.0
1791661279.143,145.276,ztreamer_index_sealed_block_height,1725999.0
1791661279.143,145.276,ztreamer_index_generation,21.0
1791661281.983,148.116,ztreamer_index_durable_block_height,1946792.0
1791661281.983,148.116,ztreamer_index_sealed_block_height,1945999.0
1791661281.983,148.116,ztreamer_index_generation,24.0
1791661283.983,150.117,ztreamer_index_durable_block_height,2031754.0
1791661283.983,150.117,ztreamer_index_sealed_block_height,2030999.0
1791661283.983,150.117,ztreamer_index_generation,25.0
1791661285.984,152.117,ztreamer_index_durable_block_height,2200942.0
1791661285.984,152.117,ztreamer_index_generation,27.0
1791661285.984,152.117,ztreamer_index_sealed_block_height,2199999.0
1791661288.825,154.958,ztreamer_index_sealed_block_height,2369999.0
1791661288.825,154.958,ztreamer_index_generation,29.0
1791661288.825,154.958,ztreamer_index_durable_block_height,2370523.0
1791661290.825,156.959,ztreamer_index_generation,30.0
1791661290.825,156.959,ztreamer_index_sealed_block_height,2456999.0
1791661290.825,156.959,ztreamer_index_durable_block_height,2457492.0
1791661293.667,159.800,ztreamer_index_sealed_block_height,2629999.0
1791661293.667,159.800,ztreamer_index_durable_block_height,2630397.0
1791661293.667,159.800,ztreamer_index_generation,32.0
1791661295.667,161.800,ztreamer_index_generation,33.0
1791661295.667,161.800,ztreamer_index_durable_block_height,2717350.0
1791661295.667,161.800,ztreamer_index_sealed_block_height,2716999.0
1791661297.667,163.800,ztreamer_index_generation,34.0
1791661297.667,163.800,ztreamer_index_durable_block_height,2804380.0
1791661297.667,163.800,ztreamer_index_sealed_block_height,2803999.0
1791661300.510,166.643,ztreamer_index_sealed_block_height,2890999.0
1791661300.510,166.643,ztreamer_index_generation,35.0
1791661300.510,166.643,ztreamer_index_durable_block_height,2891461.0
1791661302.510,168.644,ztreamer_index_durable_block_height,3041231.0
1791661302.510,168.644,ztreamer_index_sealed_block_height,3040999.0
1791661302.510,168.644,ztreamer_index_generation,37.0
1791661305.345,171.478,ztreamer_index_sealed_block_height,3094999.0
1791661305.345,171.478,ztreamer_index_durable_block_height,3095208.0
1791661305.345,171.478,ztreamer_index_generation,38.0
1791661307.345,173.478,ztreamer_index_sealed_block_height,3154999.0
1791661307.345,173.478,ztreamer_index_generation,39.0
1791661307.345,173.478,ztreamer_index_durable_block_height,3155698.0
1791661309.345,175.479,ztreamer_index_generation,40.0
1791661309.345,175.479,ztreamer_index_durable_block_height,3223709.0
1791661309.345,175.479,ztreamer_index_sealed_block_height,3222999.0
1791661312.184,178.317,sync_header_reactor_iterations,3.0
1791661312.184,178.317,ztreamer_index_sealed_block_height,3352999.0
1791661312.184,178.317,ztreamer_index_generation,42.0
1791661312.184,178.317,sync_estimated_distance_to_tip,20301.0
1791661312.184,178.317,ztreamer_index_durable_block_height,3353790.0
1791661312.184,178.317,sync_estimated_network_tip_height,4403198.0
1791661314.184,180.317,ztreamer_index_sealed_block_height,3413999.0
1791661314.184,180.317,ztreamer_index_generation,43.0
1791661314.184,180.317,ztreamer_index_durable_block_height,3414458.0
1791661317.043,183.176,ztreamer_index_sealed_block_height,3500999.0
1791661317.043,183.176,ztreamer_index_generation,44.0
1791661317.043,183.176,ztreamer_index_durable_block_height,3501721.0
1791661319.043,185.176,ztreamer_index_durable_block_height,3559601.0
1791661319.043,185.176,ztreamer_index_sealed_block_height,3558999.0
1791661319.043,185.176,ztreamer_index_generation,45.0
1791661321.043,187.176,ztreamer_index_sealed_block_height,3608999.0
1791661321.043,187.176,ztreamer_index_durable_block_height,3609018.0
1791661321.043,187.176,ztreamer_index_generation,46.0
1791661323.880,190.013,ztreamer_index_sealed_block_height,3743999.0
1791661323.880,190.013,ztreamer_index_durable_block_height,3744160.0
1791661323.880,190.013,ztreamer_index_generation,48.0
1791661325.880,192.013,ztreamer_index_sealed_block_height,3809999.0
1791661325.880,192.013,ztreamer_index_durable_block_height,3810986.0
1791661325.880,192.013,ztreamer_index_generation,49.0
1791661328.717,194.850,ztreamer_index_sealed_block_height,3877999.0
1791661328.717,194.850,ztreamer_index_durable_block_height,3878643.0
1791661328.717,194.850,ztreamer_index_generation,50.0
1791661330.717,196.850,ztreamer_index_generation,51.0
1791661330.717,196.850,ztreamer_index_durable_block_height,3946711.0
1791661330.717,196.850,ztreamer_index_sealed_block_height,3945999.0
1791661332.717,198.850,ztreamer_index_durable_block_height,4012455.0
1791661332.717,198.850,ztreamer_index_sealed_block_height,4011999.0
1791661332.717,198.850,ztreamer_index_generation,52.0
1791661335.554,201.688,ztreamer_index_generation,54.0
1791661335.554,201.688,ztreamer_index_sealed_block_height,4121999.0
1791661335.554,201.688,ztreamer_index_durable_block_height,4122325.0
1791661337.555,203.688,ztreamer_index_generation,55.0
1791661337.555,203.688,ztreamer_index_durable_block_height,4185568.0
1791661337.555,203.688,ztreamer_index_sealed_block_height,4184999.0
1791661340.389,206.522,ztreamer_index_sealed_block_height,4245999.0
1791661340.389,206.522,ztreamer_index_durable_block_height,4246943.0
1791661340.389,206.522,ztreamer_index_generation,56.0
1791661342.389,208.522,ztreamer_index_sealed_block_height,4306999.0
1791661342.389,208.522,ztreamer_index_durable_block_height,4307890.0
1791661342.389,208.522,ztreamer_index_generation,58.0
1791661344.389,210.522,ztreamer_index_generation,60.0
1791661344.389,210.522,ztreamer_index_sealed_block_height,4344999.0
1791661344.389,210.522,ztreamer_index_durable_block_height,4344999.0
1791661346.624,212.757,ztreamer_index_sealed_block_height,4381999.0
1791661346.624,212.757,ztreamer_index_generation,62.0
1791661346.624,212.757,ztreamer_index_durable_block_height,4382897.0
1791661370.627,236.760,sync_header_reactor_iterations,4.0
1791661386.629,252.762,sync_estimated_network_tip_height,4403199.0
1791661386.629,252.762,sync_estimated_distance_to_tip,20302.0
1791661430.634,296.767,sync_header_reactor_iterations,5.0
1791661460.637,326.771,sync_estimated_network_tip_height,4403200.0
1791661460.637,326.771,sync_estimated_distance_to_tip,20303.0
