system,repeat,status,cache,target_height,seconds_to_completion,seconds_to_first_grpc_answer,indexer_cpu_seconds,indexer_peak_memory_gib,indexer_peak_rss_gib,indexer_peak_cgroup_gib,indexer_written_gib,indexer_read_gib,zebrad_cpu_seconds,zebrad_peak_memory_gib,stack_cpu_seconds,index_size_gib,runner_cpu
zaino-0.10.1,1,complete,cold (page cache dropped),4382897,1395.129,5.928,2446.199721,1.7597427368164062,9.182567596435547,13.276912689208984,39.04573059082031,10.079391479492188,249.673256,0.3726615905761719,2695.872977,22.064945220947266,AMD EPYC 7763 64-Core Processor
zaino-0.10.1,2,complete,cold (page cache dropped),4382897,1306.388,5.956,2278.638422,1.6391754150390625,9.794612884521484,13.95623779296875,39.045753479003906,10.875259399414062,217.524523,0.3558540344238281,2496.162945,22.06494140625,AMD EPYC 7763 64-Core Processor
zaino-0.10.1,3,complete,cold (page cache dropped),4382897,1611.385,5.921,1584.943894,1.6524200439453125,8.818885803222656,12.03369140625,39.04582214355469,8.883426666259766,121.665129,0.36721038818359375,1706.609023,22.064945220947266,AMD EPYC 9V74 80-Core Processor
zaino-0.9.0,1,complete,cold (page cache dropped),4382897,1211.487,5.901,1625.27189,1.7056350708007812,9.986385345458984,13.919219970703125,39.04575729370117,11.09310531616211,99.903966,0.36341094970703125,1725.175856,22.06494903564453,Intel(R) Xeon(R) 6973P-C
zaino-0.9.0,2,complete,cold (page cache dropped),4382897,1428.68,5.937,2479.856963,1.5964698791503906,8.948627471923828,12.882503509521484,39.04573440551758,9.75290298461914,217.967947,0.37300872802734375,2697.8249100000003,22.064945220947266,AMD EPYC 7763 64-Core Processor
zaino-0.9.0,3,complete,cold (page cache dropped),4382897,1161.492,5.915,1627.323019,1.600555419921875,8.1119384765625,10.442817687988281,39.04576110839844,8.070201873779297,116.515067,0.3380622863769531,1743.838086,22.06494903564453,INTEL(R) XEON(R) PLATINUM 8573C
ztreamer-master,1,complete,cold (page cache dropped),4382897,159.044,158.044,194.224848,0.7444953918457031,1.4212532043457031,10.173194885253906,8.180084228515625,13.670417785644531,,,194.224848,1.4422340393066406,INTEL(R) XEON(R) PLATINUM 8573C
ztreamer-master,2,complete,cold (page cache dropped),4382897,158.82,157.82,208.369605,0.76861572265625,1.4536781311035156,11.515785217285156,8.180091857910156,13.502803802490234,,,208.369605,1.4413299560546875,INTEL(R) XEON(R) PLATINUM 8573C
ztreamer-master,3,complete,cold (page cache dropped),4382897,205.7,204.7,326.254274,0.7761383056640625,1.4499855041503906,10.298328399658203,8.177268981933594,13.508193969726562,,,326.254274,1.4419670104980469,AMD EPYC 7763 64-Core Processor
ztreamer-v0.1.0,1,complete,cold (page cache dropped),4382897,135.308,134.308,150.857974,0.7693748474121094,1.43792724609375,11.17740249633789,10.565616607666016,13.39712905883789,,,150.857974,1.4412879943847656,AMD EPYC 9V45 96-Core Processor
ztreamer-v0.1.0,2,complete,cold (page cache dropped),4382897,215.617,209.616,256.425597,0.754547119140625,1.4230079650878906,10.970455169677734,10.564682006835938,13.457149505615234,,,256.425597,1.4416885375976562,INTEL(R) XEON(R) PLATINUM 8573C
ztreamer-v0.1.0,3,complete,cold (page cache dropped),4382897,216.493,210.492,331.164906,0.7465362548828125,1.4113197326660156,10.166332244873047,10.562335968017578,13.508808135986328,,,331.164906,1.4417190551757812,AMD EPYC 7763 64-Core Processor
