system,repeat,suite,scenario,concurrency,count,ok,p50_ms,p95_ms,p99_ms,rps,blocks_per_second,server_cpu_seconds,zebrad_cpu_seconds,client_cpu_seconds,wall_seconds,errors
zaino-0.10.1,1,latency,GetLightdInfo,1,1000,1000,3.499399,41.037767,41.369407,108.23429158848047,,3.65595,0.088064,0.845089,9.271726131439209,{}
zaino-0.10.1,1,latency,GetLatestBlock,1,1000,1000,0.230952,40.985764,41.328435,171.13512230849295,,0.17374,0.049953,0.6754960000000001,5.859981536865234,{}
zaino-0.10.1,1,latency,GetBlock,1,1000,1000,0.764579,41.089722,41.422897,115.97625747185549,,0.460805,0.078358,0.791302,8.648101329803467,{}
zaino-0.10.1,1,latency,GetBlockNullifiers,1,1000,1000,0.359362,41.18972,41.456216,123.37229047689121,,0.359052,0.068515,0.7594919999999996,8.130046367645264,{}
zaino-0.10.1,1,latency,GetTreeState,1,1000,1000,40.40573,41.341439,41.449471,43.24732866923779,,1.857346,0.207515,1.0046430000000006,23.14836025238037,{}
zaino-0.10.1,1,latency,GetLatestTreeState,1,1000,1000,40.395833,41.101079,41.434807,44.581342765214956,,1.203276,0.205605,0.9234399999999999,22.448930263519287,{}
zaino-0.10.1,1,latency,GetSubtreeRoots/sapling-10,1,1000,1000,40.84689,42.75025,81.832503,22.025561793271134,,38.144398,7.970232,1.241174,45.41967058181763,{}
zaino-0.10.1,1,latency,GetSubtreeRoots/orchard-10,1,1000,1000,41.721937,41.864766,42.047844,22.79812437135147,,7.768328,4.326498,1.1952639999999999,43.88082981109619,{}
zaino-0.10.1,1,latency,GetMempoolTx,1,1000,1000,40.765056,41.350975,41.718458,23.178248971234527,,0.51496,0.376608,1.0432089999999998,43.160561084747314,{}
zaino-0.10.1,1,latency,GetTransaction,1,1000,1000,2.065781,41.176904,41.368103,48.810520117890256,,1.897557,0.180919,0.8815800000000007,20.502856731414795,{}
zaino-0.10.1,1,latency,GetTaddressBalance,1,1000,1000,0.389338,40.838726,41.250163,189.91138645259858,,0.380059,0.049339,0.689795999999999,5.282024621963501,{}
zaino-0.10.1,1,latency,GetAddressUtxos,1,1000,1000,41.676804,692.413559,718.222664,4.0615568817901675,,181.225015,2.554651,70.564667,246.22925543785095,{}
zaino-0.10.1,1,ranges,GetBlockRange/100,1,1000,1000,41.829374,42.955908,43.764962,23.591107719198,2359.1107719198,2.437585,0.378716,2.542044000000004,42.40663743019104,{}
zaino-0.10.1,1,ranges,GetBlockRange/1000,1,300,300,24.717412,253.11286,265.486137,11.414491471144746,11414.491471144745,5.813929,0.240313,3.770934000000004,26.29784321784973,{}
zaino-0.10.1,1,ranges,GetBlockRange/10000,1,100,100,124.211936,1146.41599,2086.124229,2.4571171083808485,24571.171083808484,14.007696,0.392265,11.614702000000001,40.71369004249573,{}
zaino-0.10.1,1,ranges,GetBlockRange/100000,1,10,10,1167.789766,16494.992105,16494.992105,0.11575557853865409,11575.55785386541,22.855157,0.79464,11.449414999999995,86.40365433692932,{}
zaino-0.10.1,1,scaling,GetBlockRange/1000 x1,1,389,389,17.726842,232.000514,251.424857,12.95864066561744,12958.640665617439,7.236575,0.272731,4.084581999999994,30.041455268859863,{}
zaino-0.10.1,1,scaling,GetBlock x1,1,3973,3973,0.332001,41.180736,41.402676,132.2852988611304,,1.281016,0.239149,2.0610400000000064,30.06437635421753,{}
zaino-0.10.1,1,scaling,GetBlockRange/1000 x8,8,1690,1690,54.496819,418.28079,449.079727,55.835112079547066,55835.11207954707,33.219541,0.282113,17.519977999999995,30.292534828186035,{}
zaino-0.10.1,1,scaling,GetBlock x8,8,28560,28560,0.340426,41.095312,41.604413,950.884437085424,,7.376497,0.259252,12.55737499999999,30.11765480041504,{}
zaino-0.10.1,1,scaling,GetBlockRange/1000 x32,32,3166,3166,219.629527,743.078472,1652.508564,103.77054295405465,103770.54295405465,50.066875,0.305458,37.19439700000001,30.545780658721924,{}
zaino-0.10.1,1,scaling,GetBlock x32,32,90837,90837,0.409395,41.501045,42.258448,3024.6829590010702,,20.670482,0.285273,33.187476000000004,30.2397940158844,{}
zaino-0.10.1,1,scaling,GetBlockRange/1000 x128,128,3341,3341,1080.037666,1829.423995,2380.685817,106.43704463377246,106437.04463377246,48.200225,0.287988,40.40993100000001,31.4657564163208,{}
zaino-0.10.1,1,scaling,GetBlock x128,128,183403,183403,5.930002,47.364148,51.424307,6112.682217537758,,32.433405,0.289276,50.73732399999999,30.37363886833191,{}
zaino-0.10.1,1,sync,sync 280000-4382797,1,411,411,806.446976,1939.067878,2081.533024,1.1143678974960864,11124.151778859243,88.958496,3.159976,41.904363000000025,368.83395624160767,{}
zaino-0.10.1,2,latency,GetLightdInfo,1,1000,1000,2.474496,40.580877,41.084675,165.81864026535794,,2.615465,0.043817,0.5933989999999999,6.055539608001709,{}
zaino-0.10.1,2,latency,GetLatestBlock,1,1000,1000,0.158569,40.650917,41.117987,261.0689573145898,,0.113814,0.029257,0.47238899999999995,3.8451786041259766,{}
zaino-0.10.1,2,latency,GetBlock,1,1000,1000,0.519081,40.949436,41.21827,139.30925336129914,,0.326641,0.054277,0.555771,7.196491718292236,{}
zaino-0.10.1,2,latency,GetBlockNullifiers,1,1000,1000,0.256973,40.907177,41.251086,161.9412965815239,,0.249316,0.045538,0.547797,6.193898439407349,{}
zaino-0.10.1,2,latency,GetTreeState,1,1000,1000,40.251574,41.16925,41.257939,43.141011599088195,,1.297432,0.176782,0.6753510000000003,23.201063632965088,{}
zaino-0.10.1,2,latency,GetLatestTreeState,1,1000,1000,40.339243,41.188869,41.264332,43.229433294666144,,0.788671,0.174285,0.6588959999999997,23.146483182907104,{}
zaino-0.10.1,2,latency,GetSubtreeRoots/sapling-10,1,1000,1000,40.83038,41.022489,41.519959,23.176827802427148,,29.205729,5.526065,0.8716290000000001,43.161783933639526,{}
zaino-0.10.1,2,latency,GetSubtreeRoots/orchard-10,1,1000,1000,40.834371,41.017872,41.547874,23.198317560559016,,5.542545,2.924553,0.8387029999999999,43.11963891983032,{}
zaino-0.10.1,2,latency,GetMempoolTx,1,1000,1000,40.850767,40.96296,41.491552,23.227669637643544,,0.341869,0.328031,0.7362610000000005,43.06735134124756,{}
zaino-0.10.1,2,latency,GetTransaction,1,1000,1000,3.370117,41.188928,41.302836,48.29350551602174,,1.46536,0.150075,0.674202,20.719883918762207,{}
zaino-0.10.1,2,latency,GetTaddressBalance,1,1000,1000,0.296924,40.624982,41.162029,217.11462050807637,,0.282822,0.03656,0.4861569999999995,4.619783639907837,{}
zaino-0.10.1,2,latency,GetAddressUtxos,1,1000,1000,41.437232,516.131938,520.218117,5.25474615729657,,137.438377,1.527174,53.201809000000004,190.31959533691406,{}
zaino-0.10.1,2,ranges,GetBlockRange/100,1,1000,1000,41.775889,42.521342,43.167905,23.722062204691838,2372.206220469184,1.911104,0.319663,2.008617999999996,42.168041706085205,{}
zaino-0.10.1,2,ranges,GetBlockRange/1000,1,300,300,50.126449,219.926895,228.679496,12.060314532192546,12060.314532192546,4.677145,0.189344,2.9598100000000036,24.887211322784424,{}
zaino-0.10.1,2,ranges,GetBlockRange/10000,1,100,100,85.296133,819.122774,1798.145715,3.103596007460106,31035.96007460106,11.071714,0.251082,8.978656,32.23253011703491,{}
zaino-0.10.1,2,ranges,GetBlockRange/100000,1,10,10,978.294261,12766.172292,12766.172292,0.13728046853419756,13728.046853419757,18.958177,0.56679,9.381217000000005,72.85798740386963,{}
zaino-0.10.1,2,scaling,GetBlockRange/1000 x1,1,432,432,14.435172,214.825724,223.941716,14.346801508134208,14346.801508134207,6.704564,0.231075,3.7752279999999985,30.128015995025635,{}
zaino-0.10.1,2,scaling,GetBlock x1,1,4162,4162,0.277678,40.925583,41.25173,138.6111891396024,,1.133031,0.222215,1.7590479999999982,30.06133770942688,{}
zaino-0.10.1,2,scaling,GetBlockRange/1000 x8,8,1741,1741,51.425867,415.963818,445.017398,57.42094347110197,57420.94347110197,30.247173,0.251015,16.120531999999997,30.339149951934814,{}
zaino-0.10.1,2,scaling,GetBlock x8,8,31463,31463,0.256201,40.922751,41.290663,1047.4296517649045,,6.436334,0.229491,10.733488000000001,30.117891550064087,{}
zaino-0.10.1,2,scaling,GetBlockRange/1000 x32,32,3456,3456,166.127392,882.518302,1588.560424,113.0624724626632,113062.4724626632,45.116381,0.259439,33.63821399999999,30.603080987930298,{}
zaino-0.10.1,2,scaling,GetBlock x32,32,97187,97187,0.310236,41.245223,42.042945,3236.1543927693288,,17.732397,0.228777,28.56465600000002,30.19588327407837,{}
zaino-0.10.1,2,scaling,GetBlockRange/1000 x128,128,3908,3908,908.112119,1618.407086,2040.106545,123.9559964749872,123955.9964749872,47.867546,0.249374,40.22621499999999,31.589393377304077,{}
zaino-0.10.1,2,scaling,GetBlock x128,128,205323,205323,3.186964,44.948357,47.770392,6843.036235190661,,31.699515,0.247486,49.32138499999999,30.444668531417847,{}
zaino-0.10.1,2,sync,sync 280000-4382797,1,411,411,704.949485,1785.586108,1922.73882,1.2783734306737593,12761.33322292321,77.7344,2.530022,37.58314800000001,321.51508808135986,{}
zaino-0.10.1,3,latency,GetLightdInfo,1,1000,1000,1.945748,40.777925,41.147204,110.44990589117978,,2.095206,0.056019,0.408896,9.079795598983765,{}
zaino-0.10.1,3,latency,GetLatestBlock,1,1000,1000,0.116146,40.827614,41.054671,157.64680880904424,,0.083596,0.034122,0.371417,6.354733228683472,{}
zaino-0.10.1,3,latency,GetBlock,1,1000,1000,0.650207,53.262487,172.551465,62.21482558898522,,0.286136,0.091292,0.4638729999999999,16.08917260169983,{}
zaino-0.10.1,3,latency,GetBlockNullifiers,1,1000,1000,0.213933,40.892246,41.194006,139.38319654726158,,0.201123,0.043958,0.429714,7.191603422164917,{}
zaino-0.10.1,3,latency,GetTreeState,1,1000,1000,40.379275,85.628649,192.262771,29.653832605433173,,1.20067,0.19534,0.6155960000000003,33.7385950088501,{}
zaino-0.10.1,3,latency,GetLatestTreeState,1,1000,1000,40.29278,41.114411,41.214652,45.18795986787821,,0.804192,0.129799,0.578731,22.14184808731079,{}
zaino-0.10.1,3,latency,GetSubtreeRoots/sapling-10,1,1000,1000,40.838775,41.002753,41.595751,23.13635628856817,,25.458678,4.689643,0.7944509999999999,43.233805894851685,{}
zaino-0.10.1,3,latency,GetSubtreeRoots/orchard-10,1,1000,1000,40.835102,41.490315,41.70704,23.188614655945454,,4.980975,2.653691,0.7960899999999999,43.13608527183533,{}
zaino-0.10.1,3,latency,GetMempoolTx,1,1000,1000,40.837863,40.924898,41.54678,23.205927720580377,,0.361268,0.249281,0.6695440000000003,43.104963064193726,{}
zaino-0.10.1,3,latency,GetTransaction,1,1000,1000,1.357093,41.059128,41.28396,49.912915556137094,,1.284814,0.112889,0.546581,20.045995235443115,{}
zaino-0.10.1,3,latency,GetTaddressBalance,1,1000,1000,0.227178,40.865164,41.155413,148.35714179896436,,0.223562,0.038417,0.39065400000000006,6.752447128295898,{}
zaino-0.10.1,3,latency,GetAddressUtxos,1,1000,1000,40.98192,392.592354,421.533103,6.870348457620178,,102.753957,0.921306,40.263667999999996,145.5669767856598,{}
zaino-0.10.1,3,ranges,GetBlockRange/100,1,1000,1000,41.72843,117.442797,230.409902,19.179567291949617,1917.9567291949616,1.493824,0.299386,1.472428999999999,52.15121364593506,{}
zaino-0.10.1,3,ranges,GetBlockRange/1000,1,300,300,13.738667,370.377846,821.676424,9.029679124076699,9029.6791240767,3.110225,0.193827,2.1584940000000006,33.234960079193115,{}
zaino-0.10.1,3,ranges,GetBlockRange/10000,1,100,100,103.440418,1663.366854,2677.680587,2.1830719492838813,21830.719492838813,8.095886,0.277652,6.8888019999999965,45.81760573387146,{}
zaino-0.10.1,3,ranges,GetBlockRange/100000,1,10,10,2792.396633,21070.624423,21070.624423,0.08883719694983151,8883.71969498315,12.599617,0.658917,6.879274000000001,112.5759391784668,{}
zaino-0.10.1,3,scaling,GetBlockRange/1000 x1,1,248,248,47.619077,466.528649,686.351081,8.219625173411607,8219.625173411609,2.479696,0.173125,1.5246640000000005,30.184837102890015,{}
zaino-0.10.1,3,scaling,GetBlock x1,1,2528,2528,0.268432,40.999805,138.650784,84.22714398058422,,0.565654,0.17061,0.822880999999998,30.03032946586609,{}
zaino-0.10.1,3,scaling,GetBlockRange/1000 x8,8,1267,1267,35.013597,548.448707,1326.627252,41.77710425353861,41777.10425353861,15.86612,0.198942,8.657793000000007,30.341317653656006,{}
zaino-0.10.1,3,scaling,GetBlock x8,8,30219,30219,0.200819,40.864744,41.130417,1006.017751570899,,4.726164,0.182014,7.665580999999988,30.090122938156128,{}
zaino-0.10.1,3,scaling,GetBlockRange/1000 x32,32,2381,2381,109.760633,1838.746232,3102.394247,77.92249887281612,77922.49887281611,26.28005,0.196198,17.44276400000001,30.57583498954773,{}
zaino-0.10.1,3,scaling,GetBlock x32,32,105746,105746,0.208659,41.001078,41.751046,3520.7822680670156,,14.488156,0.188226,23.670609999999996,30.17520308494568,{}
zaino-0.10.1,3,scaling,GetBlockRange/1000 x128,128,3541,3541,664.318413,4043.999581,7181.200685,110.09262828146535,110092.62828146535,37.512887,0.203581,26.427938999999988,32.2167649269104,{}
zaino-0.10.1,3,scaling,GetBlock x128,128,243460,243460,0.939058,42.890057,44.76257,8111.867734691677,,28.643208,0.202489,45.567164000000005,30.370728969573975,{}
zaino-0.10.1,3,sync,sync 280000-4382797,1,411,411,909.389025,2357.143197,3560.127748,0.9925660199080921,9908.267351208955,44.602609,2.4398,27.373120999999994,414.08920669555664,{}
zaino-0.9.0,1,latency,GetLightdInfo,1,1000,1000,2.384704,41.094194,41.309345,74.68092452891709,,2.277799,0.084148,0.439934,13.419096231460571,{}
zaino-0.9.0,1,latency,GetLatestBlock,1,1000,1000,0.154184,41.11432,41.404067,102.89256951082785,,0.10267,0.060361,0.414599,9.731364488601685,{}
zaino-0.9.0,1,latency,GetBlock,1,1000,1000,2.708159,41.295515,41.537983,48.46578135560551,,0.332481,0.127195,0.57046,20.649644374847412,{}
zaino-0.9.0,1,latency,GetBlockNullifiers,1,1000,1000,0.444641,41.244481,41.500161,76.03983981363398,,0.236096,0.079596,0.496419,13.167555093765259,{}
zaino-0.9.0,1,latency,GetTreeState,1,1000,1000,40.297003,41.255765,41.428408,42.32410958969422,,1.000228,0.149311,0.569173,23.643360137939453,{}
zaino-0.9.0,1,latency,GetLatestTreeState,1,1000,1000,40.392221,41.207189,41.427071,42.39568686357056,,0.686925,0.144765,0.5754269999999998,23.599099159240723,{}
zaino-0.9.0,1,latency,GetSubtreeRoots/sapling-10,1,1000,1000,40.880065,41.645153,41.838238,23.16518704945372,,20.583392,4.206814,0.6769240000000003,43.179521799087524,{}
zaino-0.9.0,1,latency,GetSubtreeRoots/orchard-10,1,1000,1000,40.958925,41.81534,42.010132,23.089468238448976,,4.432906,2.378034,0.7301199999999999,43.321457862854004,{}
zaino-0.9.0,1,latency,GetMempoolTx,1,1000,1000,40.868657,41.650438,41.826805,23.17752173877053,,0.367973,0.25528,0.6663349999999997,43.15748429298401,{}
zaino-0.9.0,1,latency,GetTransaction,1,1000,1000,2.704138,41.200425,41.441027,45.694720968555245,,1.081808,0.129824,0.5134460000000005,21.89573073387146,{}
zaino-0.9.0,1,latency,GetTaddressBalance,1,1000,1000,0.514474,41.203761,41.386869,68.32447898896274,,0.25851,0.083781,0.4655169999999993,14.64757776260376,{}
zaino-0.9.0,1,latency,GetAddressUtxos,1,1000,1000,41.220219,309.451791,327.985611,8.366193951064654,,77.985802,0.74404,36.297017000000004,119.540367603302,{}
zaino-0.9.0,1,ranges,GetBlockRange/100,1,1000,1000,41.723398,61.975971,64.590333,22.47689357656633,2247.6893576566326,1.862796,0.268097,1.4590759999999974,44.50178837776184,{}
zaino-0.9.0,1,ranges,GetBlockRange/1000,1,300,300,48.746945,260.309984,276.912432,10.803396190067536,10803.396190067537,5.100017,0.174181,2.644052000000004,27.77950692176819,{}
zaino-0.9.0,1,ranges,GetBlockRange/10000,1,100,100,84.617662,775.017596,2029.76072,2.9094519297984154,29094.519297984152,11.113531,0.218263,7.0600439999999995,34.38070631027222,{}
zaino-0.9.0,1,ranges,GetBlockRange/100000,1,10,10,842.406792,16644.070103,16644.070103,0.1161018879991878,11610.18879991878,19.745644,0.532076,8.217121999999998,86.14117646217346,{}
zaino-0.9.0,1,scaling,GetBlockRange/1000 x1,1,332,332,45.260005,259.037232,269.730044,11.02673361075866,11026.73361075866,5.436894,0.186927,2.3877260000000025,30.119783639907837,{}
zaino-0.9.0,1,scaling,GetBlock x1,1,1536,1536,1.965255,41.248484,41.588591,51.17862449685906,,0.459264,0.179957,0.6889879999999993,30.028332233428955,{}
zaino-0.9.0,1,scaling,GetBlockRange/1000 x8,8,1714,1714,45.867205,434.893309,450.216159,56.66574306486591,56665.74306486591,20.182905,0.238886,11.551890999999996,30.26074194908142,{}
zaino-0.9.0,1,scaling,GetBlock x8,8,13537,13537,0.274019,40.94979,41.467191,450.8523333704097,,1.668779,0.181521,3.2972560000000026,30.05146884918213,{}
zaino-0.9.0,1,scaling,GetBlockRange/1000 x32,32,3585,3585,52.94193,1558.876038,1705.490754,117.48307727630106,117483.07727630106,27.141909,0.203898,21.712292999999995,30.536473274230957,{}
zaino-0.9.0,1,scaling,GetBlock x32,32,53464,53464,0.237493,41.012633,41.757869,1780.0952505395553,,6.171456,0.186051,12.285092000000011,30.109474182128906,{}
zaino-0.9.0,1,scaling,GetBlockRange/1000 x128,128,4798,4798,388.811042,2664.330673,6745.560671,151.49963800637656,151499.63800637657,36.723711,0.217295,31.236952999999993,31.7197105884552,{}
zaino-0.9.0,1,scaling,GetBlock x128,128,166824,166824,40.441058,42.914042,45.301091,5558.592005151816,,16.201665,0.19508,34.580896,30.243692874908447,{}
zaino-0.9.0,1,sync,sync 280000-4382797,1,411,411,713.28526,2316.546,2478.429179,1.1560773294196969,11540.515218950059,72.167078,2.161835,32.14623700000001,355.52293610572815,{}
zaino-0.9.0,2,latency,GetLightdInfo,1,1000,1000,2.542158,40.674238,41.134118,142.0542449993466,,2.713603,0.058924,0.6170450000000001,7.100785255432129,{}
zaino-0.9.0,2,latency,GetLatestBlock,1,1000,1000,0.160821,40.568748,41.076734,266.50279928330855,,0.115089,0.025603,0.47313799999999995,3.76552414894104,{}
zaino-0.9.0,2,latency,GetBlock,1,1000,1000,1.790721,41.136387,41.319489,52.64507449836211,,0.454557,0.139995,0.6829320000000001,19.015547275543213,{}
zaino-0.9.0,2,latency,GetBlockNullifiers,1,1000,1000,0.26722,40.921419,41.245064,140.45007738818225,,0.264214,0.054192,0.566264,7.1406166553497314,{}
zaino-0.9.0,2,latency,GetTreeState,1,1000,1000,40.369429,40.953703,41.290663,43.77006254188728,,1.060238,0.166546,0.6609560000000001,22.865970849990845,{}
zaino-0.9.0,2,latency,GetLatestTreeState,1,1000,1000,40.325257,41.173905,41.256109,43.398658307060515,,0.795893,0.17384,0.6589870000000001,23.0556640625,{}
zaino-0.9.0,2,latency,GetSubtreeRoots/sapling-10,1,1000,1000,40.826748,41.106895,41.603355,23.17455726366435,,29.159503,5.582339,0.8750349999999999,43.16434574127197,{}
zaino-0.9.0,2,latency,GetSubtreeRoots/orchard-10,1,1000,1000,40.832421,41.214624,41.608893,23.192587239611345,,5.541968,2.966496,0.857722,43.13062024116516,{}
zaino-0.9.0,2,latency,GetMempoolTx,1,1000,1000,40.850745,40.938906,41.476157,23.231384790373827,,0.340657,0.323756,0.7312780000000003,43.05837965011597,{}
zaino-0.9.0,2,latency,GetTransaction,1,1000,1000,3.328968,41.085832,41.216619,48.64916545793721,,1.383409,0.149944,0.6489519999999996,20.56789803504944,{}
zaino-0.9.0,2,latency,GetTaddressBalance,1,1000,1000,0.296773,40.761111,41.228376,187.25295373736128,,0.285861,0.039623,0.49417299999999975,5.353995323181152,{}
zaino-0.9.0,2,latency,GetAddressUtxos,1,1000,1000,41.456345,495.081365,500.394546,5.454878714151852,,130.214142,1.4685,53.641541000000004,183.33911204338074,{}
zaino-0.9.0,2,ranges,GetBlockRange/100,1,1000,1000,41.872917,59.020686,60.737249,22.078125421958855,2207.8125421958857,3.811998,0.339094,2.277903000000001,45.30780744552612,{}
zaino-0.9.0,2,ranges,GetBlockRange/1000,1,300,300,46.310926,220.121517,225.478722,11.713971981104972,11713.971981104973,12.134455,0.201736,4.374639000000004,25.62298345565796,{}
zaino-0.9.0,2,ranges,GetBlockRange/10000,1,100,100,86.469441,714.617802,1756.104769,3.138053887891166,31380.53887891166,22.647998,0.256601,11.118210999999995,31.879822254180908,{}
zaino-0.9.0,2,ranges,GetBlockRange/100000,1,10,10,855.632214,12550.97113,12550.97113,0.13597960781245766,13597.960781245767,46.378564,0.596551,14.537720999999996,73.55221652984619,{}
zaino-0.9.0,2,scaling,GetBlockRange/1000 x1,1,377,377,12.247983,219.764266,225.45207,12.527287645725055,12527.287645725055,15.216574,0.235933,4.991493,30.108006954193115,{}
zaino-0.9.0,2,scaling,GetBlock x1,1,1751,1751,1.227434,41.26581,41.369492,58.33869269763283,,0.682203,0.223518,1.0655980000000103,30.034549713134766,{}
zaino-0.9.0,2,scaling,GetBlockRange/1000 x8,8,1698,1698,50.962884,422.398676,441.25319,56.035170962540825,56035.170962540826,37.438548,0.249966,20.217259999999992,30.32025122642517,{}
zaino-0.9.0,2,scaling,GetBlock x8,8,13856,13856,0.396522,41.112284,41.543773,461.38586791146514,,3.134864,0.225033,5.990822000000006,30.068292140960693,{}
zaino-0.9.0,2,scaling,GetBlockRange/1000 x32,32,3539,3539,98.195964,1282.400363,1769.935339,115.98414995870566,115984.14995870565,42.308989,0.251414,37.166099999999986,30.54236936569214,{}
zaino-0.9.0,2,scaling,GetBlock x32,32,51937,51937,0.463068,41.386508,42.03512,1729.360483775045,,10.502444,0.226632,19.747092000000006,30.146920442581177,{}
zaino-0.9.0,2,scaling,GetBlockRange/1000 x128,128,4598,4598,602.248068,2389.369851,4982.781127,145.23542644590904,145235.42644590902,49.80314,0.268113,48.92426300000001,31.7234947681427,{}
zaino-0.9.0,2,scaling,GetBlock x128,128,148310,148310,40.849291,45.993945,50.074792,4942.059204911853,,23.990479,0.246927,44.771101,30.335800886154175,{}
zaino-0.9.0,2,sync,sync 280000-4382797,1,411,411,654.224693,1838.443127,1921.817388,1.278378329949083,12761.382129825883,194.340343,2.623358,60.605091,321.5133047103882,{}
zaino-0.9.0,3,latency,GetLightdInfo,1,1000,1000,2.194802,40.896795,41.27378,144.84328368567088,,2.31779,0.043296,0.39919599999999994,6.933038949966431,{}
zaino-0.9.0,3,latency,GetLatestBlock,1,1000,1000,0.101056,40.726494,41.157423,207.51445944411643,,0.068834,0.033154,0.37505000000000005,4.836116313934326,{}
zaino-0.9.0,3,latency,GetBlock,1,1000,1000,2.057638,41.174447,41.346424,52.2077436223032,,0.328885,0.118555,0.5625720000000001,19.171640396118164,{}
zaino-0.9.0,3,latency,GetBlockNullifiers,1,1000,1000,0.234605,41.075819,41.311137,108.73940016210827,,0.206802,0.056241,0.46617900000000007,9.214405298233032,{}
zaino-0.9.0,3,latency,GetTreeState,1,1000,1000,40.218816,41.120067,41.342155,45.09120783324563,,1.003889,0.143289,0.5771,22.19491410255432,{}
zaino-0.9.0,3,latency,GetLatestTreeState,1,1000,1000,40.209195,41.230186,41.313419,45.102814831015316,,0.666288,0.142609,0.5383029999999999,22.18440294265747,{}
zaino-0.9.0,3,latency,GetSubtreeRoots/sapling-10,1,1000,1000,40.855074,41.097807,41.577401,23.206211638359644,,22.628005,4.649507,0.7156359999999999,43.10445952415466,{}
zaino-0.9.0,3,latency,GetSubtreeRoots/orchard-10,1,1000,1000,40.856132,41.063138,41.603524,23.207764521184117,,4.644476,2.538838,0.6787989999999998,43.10032320022583,{}
zaino-0.9.0,3,latency,GetMempoolTx,1,1000,1000,40.833892,40.996403,41.518087,23.213259895625384,,0.332249,0.274836,0.6206270000000002,43.08996915817261,{}
zaino-0.9.0,3,latency,GetTransaction,1,1000,1000,1.285399,41.103292,41.317741,50.771151100616656,,1.179073,0.121857,0.5321859999999996,19.70929193496704,{}
zaino-0.9.0,3,latency,GetTaddressBalance,1,1000,1000,0.216541,40.938893,41.211202,161.6002593148942,,0.200961,0.040727,0.3819770000000007,6.199616432189941,{}
zaino-0.9.0,3,latency,GetAddressUtxos,1,1000,1000,41.154329,364.880123,372.509201,7.255486172011619,,93.370519,0.960896,42.248222999999996,137.83901047706604,{}
zaino-0.9.0,3,ranges,GetBlockRange/100,1,1000,1000,41.950981,59.766198,61.396111,20.925305059809872,2092.530505980987,2.305921,0.299112,1.6474930000000025,47.80101752281189,{}
zaino-0.9.0,3,ranges,GetBlockRange/1000,1,300,300,179.129806,218.59617,224.792844,8.565107108320882,8565.107108320883,6.543853,0.223653,3.1267210000000034,35.03634595870972,{}
zaino-0.9.0,3,ranges,GetBlockRange/10000,1,100,100,376.951359,1462.613655,1664.148536,2.376256306181194,23762.56306181194,13.027933,0.273126,8.173860999999995,42.09315204620361,{}
zaino-0.9.0,3,ranges,GetBlockRange/100000,1,10,10,9417.626166,17805.616747,17805.616747,0.07215275408980615,7215.275408980615,28.221302,0.880025,11.071192,138.60448169708252,{}
zaino-0.9.0,3,scaling,GetBlockRange/1000 x1,1,236,236,199.7267,246.111161,257.059745,7.847935836538123,7847.935836538123,5.161868,0.197219,2.2742460000000078,30.0831401348114,{}
zaino-0.9.0,3,scaling,GetBlock x1,1,1774,1774,1.425452,41.150308,41.297549,59.110227332651384,,0.475166,0.190426,0.7388089999999998,30.028313398361206,{}
zaino-0.9.0,3,scaling,GetBlockRange/1000 x8,8,1132,1132,53.60991,460.898986,479.979005,37.49217780441404,37492.177804414045,18.377903,0.203962,10.217621999999992,30.20771026611328,{}
zaino-0.9.0,3,scaling,GetBlock x8,8,14372,14372,0.259896,40.977899,41.543414,478.5837002086011,,1.817985,0.188957,3.842949000000006,30.060383796691895,{}
zaino-0.9.0,3,scaling,GetBlockRange/1000 x32,32,1782,1782,74.248534,1850.806825,1902.616286,57.5928915953769,57592.8915953769,17.228398,0.198707,14.389388999999992,30.95793080329895,{}
zaino-0.9.0,3,scaling,GetBlock x32,32,56425,56425,0.21291,41.004738,41.757888,1878.710178099465,,6.217225,0.200074,14.12437400000001,30.12905740737915,{}
zaino-0.9.0,3,scaling,GetBlockRange/1000 x128,128,2642,2642,872.420917,6503.282495,7743.013947,82.98586179283144,82985.86179283145,24.925879,0.204107,22.381472999999996,31.889343976974487,{}
zaino-0.9.0,3,scaling,GetBlock x128,128,165894,165894,40.441365,43.491334,46.562003,5528.029253561723,,15.707182,0.200599,36.009889999999984,30.268397569656372,{}
zaino-0.9.0,3,sync,sync 280000-4382797,1,411,411,1424.065914,1920.731733,2016.762452,0.7292999907521184,7280.220300383965,116.029429,3.65461,46.38586900000002,563.5650453567505,{}
ztreamer-master,1,latency,GetLightdInfo,1,1000,1000,0.077905,0.227219,0.319608,5028.183420609022,,0.041816,,0.262346,0.22171330451965332,{}
ztreamer-master,1,latency,GetLatestBlock,1,1000,1000,0.073035,0.228354,0.302654,5011.876669202392,,0.038065,,0.26474499999999995,0.20910954475402832,{}
ztreamer-master,1,latency,GetBlock,1,1000,1000,0.140343,0.34872,0.488757,3696.3287338534933,,0.099869,,0.29357199999999994,0.2849414348602295,{}
ztreamer-master,1,latency,GetBlockNullifiers,1,1000,1000,0.138727,0.295919,0.442304,3893.568510478105,,0.098084,,0.28725100000000003,0.2708396911621094,{}
ztreamer-master,1,latency,GetTreeState,1,1000,1000,0.472538,0.725152,0.971236,1576.1796508760497,,0.377072,,0.3210610000000001,0.6488995552062988,{}
ztreamer-master,1,latency,GetLatestTreeState,1,1000,1000,0.251089,0.392466,0.528574,2691.149372969866,,0.275788,,0.2886309999999998,0.38063621520996094,{}
ztreamer-master,1,latency,GetSubtreeRoots/sapling-10,1,1000,1000,0.269831,0.418266,0.608306,2534.0129471590517,,0.305518,,0.37851899999999994,0.404644250869751,{}
ztreamer-master,1,latency,GetSubtreeRoots/orchard-10,1,1000,1000,0.203417,0.367283,0.523794,3060.531913284884,,0.213993,,0.3242090000000001,0.33573246002197266,{}
ztreamer-master,1,latency,GetMempoolTx,1,1000,1000,0.167787,0.314907,0.420412,3609.3228390250565,,0.129422,,0.25408700000000006,0.28730034828186035,{}
ztreamer-master,1,latency,GetTransaction,1,1000,1000,0.188905,0.392863,0.551362,3073.8629376012373,,0.177768,,0.28912800000000005,0.33470702171325684,{}
ztreamer-master,1,latency,GetTaddressBalance,1,1000,1000,0.159624,0.308468,0.428739,3639.59881619428,,0.128824,,0.270494,0.28362083435058594,{}
ztreamer-master,1,latency,GetAddressUtxos,1,1000,1000,2.572502,362.829565,367.967805,7.8687156753310346,,92.415313,,41.125837999999995,127.09547352790833,{}
ztreamer-master,1,ranges,GetBlockRange/100,1,1000,1000,0.561963,1.181339,1.616196,1211.955429839742,121195.5429839742,0.082495,,1.0049520000000034,0.8354625701904297,{}
ztreamer-master,1,ranges,GetBlockRange/1000,1,300,300,4.25261,7.658369,9.806051,206.83790989580527,206837.90989580526,0.113514,,1.6477899999999952,1.459752082824707,{}
ztreamer-master,1,ranges,GetBlockRange/10000,1,100,100,38.679887,90.902468,132.435082,19.590015412740435,195900.15412740436,0.451309,,5.981503,5.114108562469482,{}
ztreamer-master,1,ranges,GetBlockRange/100000,1,10,10,364.873063,547.77248,547.77248,2.119865530273037,211986.55302730371,0.501588,,5.633503000000001,4.726709842681885,{}
ztreamer-master,1,scaling,GetBlockRange/1000 x1,1,6486,6486,3.659316,7.6464,11.170786,216.19417232033624,216194.17232033622,2.476115,,31.377555000000005,30.01864981651306,{}
ztreamer-master,1,scaling,GetBlock x1,1,150768,150768,0.132854,0.160676,0.332779,5025.597573138932,,14.153583,,25.613225,30.187207460403442,{}
ztreamer-master,1,scaling,GetBlockRange/1000 x8,8,8180,8180,24.013794,46.005472,59.914026,272.44743897419795,272447.43897419795,3.593031,,59.943129000000006,30.04320979118347,{}
ztreamer-master,1,scaling,GetBlock x8,8,397855,397855,0.317646,0.98258,1.607,13262.300497868371,,21.204516,,58.735687999999996,30.500370264053345,{}
ztreamer-master,1,scaling,GetBlockRange/1000 x32,32,8290,8290,88.497872,163.123614,234.757461,275.48741858953616,275487.41858953616,3.927678,,60.17745100000002,30.1170072555542,{}
ztreamer-master,1,scaling,GetBlock x32,32,408090,408090,1.367663,4.040633,5.347818,13604.938227978148,,18.735986,,59.88557899999998,30.519752979278564,{}
ztreamer-master,1,scaling,GetBlockRange/1000 x128,128,8326,8326,386.821534,635.412658,937.740637,270.81305134277113,270813.05134277116,4.051214,,61.271793999999986,30.796111583709717,{}
ztreamer-master,1,scaling,GetBlock x128,128,407917,407917,5.174279,15.259365,20.668584,13610.004458400597,,18.138164,,60.40220700000002,30.52505135536194,{}
ztreamer-master,1,sync,sync 280000-4382797,1,411,411,37.208858,68.648405,116.806135,21.827775163314847,217895.26103284143,1.699964,,22.085366999999994,18.839863300323486,{}
ztreamer-master,2,latency,GetLightdInfo,1,1000,1000,0.079554,0.231084,0.345527,4801.632947015234,,0.041828,,0.27443199999999995,0.22672605514526367,{}
ztreamer-master,2,latency,GetLatestBlock,1,1000,1000,0.070261,0.225935,0.288642,5296.236235015822,,0.039329,,0.254889,0.19999957084655762,{}
ztreamer-master,2,latency,GetBlock,1,1000,1000,0.148059,0.309854,0.455562,3652.501330250116,,0.109071,,0.302933,0.2899658679962158,{}
ztreamer-master,2,latency,GetBlockNullifiers,1,1000,1000,0.148223,0.289013,0.442979,3656.0346850350434,,0.1098,,0.305849,0.29135870933532715,{}
ztreamer-master,2,latency,GetTreeState,1,1000,1000,0.523528,0.829442,1.109391,1393.9284571767191,,0.400764,,0.3443899999999999,0.7335319519042969,{}
ztreamer-master,2,latency,GetLatestTreeState,1,1000,1000,0.274535,0.451811,0.608611,2465.1186268946103,,0.305172,,0.305361,0.41872119903564453,{}
ztreamer-master,2,latency,GetSubtreeRoots/sapling-10,1,1000,1000,0.286689,0.428799,0.554779,2430.807578815624,,0.329371,,0.3902970000000001,0.42342495918273926,{}
ztreamer-master,2,latency,GetSubtreeRoots/orchard-10,1,1000,1000,0.214519,0.365509,0.546343,2864.4925639792505,,0.227303,,0.3443369999999999,0.3604590892791748,{}
ztreamer-master,2,latency,GetMempoolTx,1,1000,1000,0.180729,0.324086,0.466606,3443.77847737908,,0.146788,,0.24892599999999998,0.3034029006958008,{}
ztreamer-master,2,latency,GetTransaction,1,1000,1000,0.200324,0.398958,0.548152,2946.7621449033745,,0.193209,,0.2986749999999999,0.3506317138671875,{}
ztreamer-master,2,latency,GetTaddressBalance,1,1000,1000,0.166438,0.3245,0.436651,3494.731679761199,,0.14125,,0.27258300000000024,0.2969977855682373,{}
ztreamer-master,2,latency,GetAddressUtxos,1,1000,1000,2.919487,382.660565,398.46873,7.514030984603306,,96.397503,,43.816235000000006,133.09644079208374,{}
ztreamer-master,2,ranges,GetBlockRange/100,1,1000,1000,0.528626,1.135881,1.556595,1243.4357379839473,124343.57379839475,0.080345,,0.9990979999999956,0.8175215721130371,{}
ztreamer-master,2,ranges,GetBlockRange/1000,1,300,300,4.287566,7.639952,9.992933,202.12161957124346,202121.61957124344,0.119183,,1.7100309999999999,1.4940214157104492,{}
ztreamer-master,2,ranges,GetBlockRange/10000,1,100,100,43.727059,108.758865,132.808897,18.155761056657,181557.61056657,0.478563,,6.3133110000000014,5.517600774765015,{}
ztreamer-master,2,ranges,GetBlockRange/100000,1,10,10,377.862155,560.840748,560.840748,2.0367715509563524,203677.15509563521,0.579208,,5.943975999999999,4.920785427093506,{}
ztreamer-master,2,scaling,GetBlockRange/1000 x1,1,6280,6280,3.747179,7.925626,11.593198,209.31892541630882,209318.9254163088,2.502609,,31.550994999999997,30.017799377441406,{}
ztreamer-master,2,scaling,GetBlock x1,1,132648,132648,0.143825,0.174669,0.355077,4421.613833313651,,13.906182,,26.230726,30.18793773651123,{}
ztreamer-master,2,scaling,GetBlockRange/1000 x8,8,7782,7782,24.958117,48.411408,63.56512,259.1281066381966,259128.10663819656,3.649356,,59.962877999999996,30.051886320114136,{}
ztreamer-master,2,scaling,GetBlock x8,8,355719,355719,0.361543,1.072281,1.780419,11857.877829248206,,20.489877,,58.832437999999996,30.450199604034424,{}
ztreamer-master,2,scaling,GetBlockRange/1000 x32,32,7938,7938,92.820897,169.029893,241.330563,264.0027896885441,264002.7896885441,4.059402,,60.126058,30.095321655273438,{}
ztreamer-master,2,scaling,GetBlock x32,32,367671,367671,1.543594,4.40303,5.875088,12257.175203333003,,18.140367,,60.01055099999998,30.50767183303833,{}
ztreamer-master,2,scaling,GetBlockRange/1000 x128,128,7938,7938,394.502887,658.125154,974.328569,259.49760113581914,259497.60113581916,4.279625,,61.08802500000001,30.657267808914185,{}
ztreamer-master,2,scaling,GetBlock x128,128,361713,361713,5.955337,16.772839,22.478557,12066.679888801664,,17.604835,,60.33710799999999,30.45942711830139,{}
ztreamer-master,2,sync,sync 280000-4382797,1,411,411,38.758577,70.52913,119.578919,21.091602407121524,210546.43351030018,1.873316,,22.79419100000003,19.49751091003418,{}
ztreamer-master,3,latency,GetLightdInfo,1,1000,1000,0.164135,0.354103,0.440933,2933.057353754358,,0.09774,,0.45293799999999995,0.37179112434387207,{}
ztreamer-master,3,latency,GetLatestBlock,1,1000,1000,0.149918,0.339185,0.419135,3121.1884436874248,,0.088865,,0.43666799999999995,0.335430383682251,{}
ztreamer-master,3,latency,GetBlock,1,1000,1000,0.238865,0.47,0.630389,2312.451120419914,,0.189829,,0.492588,0.45466065406799316,{}
ztreamer-master,3,latency,GetBlockNullifiers,1,1000,1000,0.237122,0.453249,0.574148,2380.9058682555974,,0.189715,,0.48167700000000013,0.442425012588501,{}
ztreamer-master,3,latency,GetTreeState,1,1000,1000,0.606664,0.909073,1.209916,1181.5837166165425,,0.620366,,0.5643989999999997,0.8694641590118408,{}
ztreamer-master,3,latency,GetLatestTreeState,1,1000,1000,0.435175,0.701572,0.894558,1618.648980643179,,0.513747,,0.4872679999999999,0.6373562812805176,{}
ztreamer-master,3,latency,GetSubtreeRoots/sapling-10,1,1000,1000,0.485369,0.616174,0.846625,1520.5503212215774,,0.583456,,0.6682760000000002,0.6759517192840576,{}
ztreamer-master,3,latency,GetSubtreeRoots/orchard-10,1,1000,1000,0.366566,0.534952,0.707343,1892.0316419512053,,0.408787,,0.5338710000000001,0.5430810451507568,{}
ztreamer-master,3,latency,GetMempoolTx,1,1000,1000,0.291326,0.430248,0.554919,2304.471583525184,,0.231434,,0.392482,0.4463226795196533,{}
ztreamer-master,3,latency,GetTransaction,1,1000,1000,0.307366,0.551804,0.810388,1966.2683866174664,,0.299009,,0.4766180000000001,0.5231516361236572,{}
ztreamer-master,3,latency,GetTaddressBalance,1,1000,1000,0.284862,0.46423,0.593853,2266.3774907992893,,0.241839,,0.4354209999999997,0.4548187255859375,{}
ztreamer-master,3,latency,GetAddressUtxos,1,1000,1000,4.137559,506.596889,512.09147,5.622649360435805,,132.588749,,55.053048,177.8675560951233,{}
ztreamer-master,3,ranges,GetBlockRange/100,1,1000,1000,0.786213,1.523212,2.144937,877.5012394046881,87750.12394046881,0.171434,,1.435458000000001,1.1525371074676514,{}
ztreamer-master,3,ranges,GetBlockRange/1000,1,300,300,5.813398,9.913395,12.774464,151.73901200292354,151739.01200292355,0.218469,,2.3034540000000026,1.9894688129425049,{}
ztreamer-master,3,ranges,GetBlockRange/10000,1,100,100,51.873693,118.423531,177.556092,14.663606552048343,146636.06552048342,0.852471,,8.130996999999995,6.832784414291382,{}
ztreamer-master,3,ranges,GetBlockRange/100000,1,10,10,516.79671,763.687432,763.687432,1.5116987123780599,151169.871237806,1.1355,,8.210960000000009,6.626818895339966,{}
ztreamer-master,3,scaling,GetBlockRange/1000 x1,1,4711,4711,5.14184,10.19297,14.774048,157.03269899451132,157032.6989945113,3.533891,,32.11357199999999,30.023900270462036,{}
ztreamer-master,3,scaling,GetBlock x1,1,85586,85586,0.232858,0.274174,0.442661,2852.888120480429,,15.514597,,29.165735,30.169807195663452,{}
ztreamer-master,3,scaling,GetBlockRange/1000 x8,8,5996,5996,33.381277,62.98813,81.447572,199.69867124451167,199698.67124451167,5.112505,,59.943075000000015,30.050493955612183,{}
ztreamer-master,3,scaling,GetBlock x8,8,266571,266571,0.526543,1.420161,2.27,8886.207649493359,,31.638079,,58.84070699999998,30.550119161605835,{}
ztreamer-master,3,scaling,GetBlockRange/1000 x32,32,6097,6097,120.79814,227.455405,374.02743,202.6202757687343,202620.27576873428,5.189097,,60.195333,30.123894453048706,{}
ztreamer-master,3,scaling,GetBlock x32,32,285532,285532,2.096044,5.549363,7.349204,9518.767887601627,,30.351296,,60.31192800000001,30.599512338638306,{}
ztreamer-master,3,scaling,GetBlockRange/1000 x128,128,6068,6068,542.917782,851.591852,1228.790285,198.7108290528725,198710.8290528725,4.902964,,61.12487200000001,30.612101078033447,{}
ztreamer-master,3,scaling,GetBlock x128,128,290310,290310,7.956474,21.495912,28.24192,9689.033344699486,,30.302837,,60.43145900000002,30.538894176483154,{}
ztreamer-master,3,sync,sync 280000-4382797,1,411,411,50.347859,89.155587,144.56185,16.463134855157055,164342.86315685805,2.885403,,29.134454999999967,24.977839946746826,{}
ztreamer-v0.1.0,1,latency,GetLightdInfo,1,1000,1000,0.053545,0.174133,0.226577,7170.861148356764,,0.031513,,0.18901,0.17355847358703613,{}
ztreamer-v0.1.0,1,latency,GetLatestBlock,1,1000,1000,0.048923,0.15759,0.216366,7672.138525371244,,0.029756,,0.182112,0.13951325416564941,{}
ztreamer-v0.1.0,1,latency,GetBlock,1,1000,1000,0.086959,0.213714,0.319014,5722.210518076409,,0.068356,,0.20566099999999998,0.18705511093139648,{}
ztreamer-v0.1.0,1,latency,GetBlockNullifiers,1,1000,1000,0.085431,0.197794,0.245143,6007.9070304744355,,0.066411,,0.20503200000000005,0.17881345748901367,{}
ztreamer-v0.1.0,1,latency,GetTreeState,1,1000,1000,0.358724,0.588455,0.731472,2127.232123014056,,0.283566,,0.21421199999999996,0.481400728225708,{}
ztreamer-v0.1.0,1,latency,GetLatestTreeState,1,1000,1000,0.164565,0.286622,0.384211,4095.348929421322,,0.193297,,0.20183199999999996,0.25397801399230957,{}
ztreamer-v0.1.0,1,latency,GetSubtreeRoots/sapling-10,1,1000,1000,0.198996,0.277953,0.363341,3609.115314453628,,0.244686,,0.28633000000000003,0.2869865894317627,{}
ztreamer-v0.1.0,1,latency,GetSubtreeRoots/orchard-10,1,1000,1000,0.148397,0.239606,0.336861,4413.597867794401,,0.163897,,0.23782199999999987,0.23628807067871094,{}
ztreamer-v0.1.0,1,latency,GetMempoolTx,1,1000,1000,0.112591,0.192943,0.251514,5422.3515142176875,,0.092307,,0.17675800000000008,0.19290757179260254,{}
ztreamer-v0.1.0,1,latency,GetTransaction,1,1000,1000,0.113833,0.25563,0.404648,4783.2838540884895,,0.117175,,0.2038669999999999,0.21841812133789062,{}
ztreamer-v0.1.0,1,latency,GetTaddressBalance,1,1000,1000,0.093123,0.198651,0.244278,5733.48443434658,,0.08201,,0.18724700000000027,0.18305349349975586,{}
ztreamer-v0.1.0,1,latency,GetAddressUtxos,1,1000,1000,2.139932,277.847456,288.464679,10.3075107981613,,73.715076,,29.102629999999998,97.02755737304688,{}
ztreamer-v0.1.0,1,ranges,GetBlockRange/100,1,1000,1000,0.389253,0.811523,1.03238,1725.500255135919,172550.02551359189,0.072239,,0.7353379999999983,0.5893476009368896,{}
ztreamer-v0.1.0,1,ranges,GetBlockRange/1000,1,300,300,3.134211,5.645987,6.96651,280.7210616910977,280721.0616910977,0.115094,,1.2648970000000026,1.0777544975280762,{}
ztreamer-v0.1.0,1,ranges,GetBlockRange/10000,1,100,100,29.863931,68.558841,98.289995,26.044268685796865,260442.68685796866,0.451887,,4.635552999999996,3.8479433059692383,{}
ztreamer-v0.1.0,1,ranges,GetBlockRange/100000,1,10,10,276.235508,402.487472,402.487472,2.8270395713244105,282703.95713244105,0.525714,,4.331046000000006,3.5460891723632812,{}
ztreamer-v0.1.0,1,scaling,GetBlockRange/1000 x1,1,8799,8799,2.680516,5.685579,8.515123,293.28790535425395,293287.90535425395,3.247481,,32.396271000000006,30.021134853363037,{}
ztreamer-v0.1.0,1,scaling,GetBlock x1,1,210251,210251,0.08729,0.107876,0.258739,7008.3881219124505,,14.169328,,30.612360999999993,30.21236753463745,{}
ztreamer-v0.1.0,1,scaling,GetBlockRange/1000 x8,8,10735,10735,17.908016,35.419012,46.593679,355.79972048966573,355799.7204896657,4.801769,,60.06922899999999,30.194092512130737,{}
ztreamer-v0.1.0,1,scaling,GetBlock x8,8,481006,481006,0.283276,0.797746,1.365837,16033.635237239901,,22.275335,,59.221659,30.486804008483887,{}
ztreamer-v0.1.0,1,scaling,GetBlockRange/1000 x32,32,10838,10838,66.597734,126.279298,177.56886,356.97584739531715,356975.84739531716,5.322766,,60.45621199999997,30.383809566497803,{}
ztreamer-v0.1.0,1,scaling,GetBlock x32,32,493484,493484,1.155382,3.288917,4.382297,16452.055312019325,,21.666325,,60.15633700000005,30.481112003326416,{}
ztreamer-v0.1.0,1,scaling,GetBlockRange/1000 x128,128,10793,10793,298.472117,490.728759,695.422209,350.4780242056407,350478.02420564066,5.758318,,61.50099699999995,30.840909481048584,{}
ztreamer-v0.1.0,1,scaling,GetBlock x128,128,463765,463765,4.778821,13.052865,17.474673,15466.45366588103,,21.971091,,60.241229000000025,30.439149856567383,{}
ztreamer-v0.1.0,1,sync,sync 280000-4382797,1,411,411,29.603484,54.152923,89.210015,27.50312501347051,274549.30972996785,1.801302,,17.758045999999986,14.95332384109497,{}
ztreamer-v0.1.0,2,latency,GetLightdInfo,1,1000,1000,0.094605,0.272646,0.399228,4144.394397612627,,0.048195,,0.32879899999999995,0.31041932106018066,{}
ztreamer-v0.1.0,2,latency,GetLatestBlock,1,1000,1000,0.08458,0.255348,0.367753,4487.006915742993,,0.043925,,0.30681600000000003,0.23692846298217773,{}
ztreamer-v0.1.0,2,latency,GetBlock,1,1000,1000,0.163493,0.399474,0.564788,3138.838471819075,,0.122522,,0.35230399999999995,0.3379373550415039,{}
ztreamer-v0.1.0,2,latency,GetBlockNullifiers,1,1000,1000,0.159993,0.333965,0.52249,3265.9396667550127,,0.118928,,0.3460350000000001,0.32512664794921875,{}
ztreamer-v0.1.0,2,latency,GetTreeState,1,1000,1000,0.613366,0.897409,1.148194,1225.1983166029972,,0.541266,,0.39655799999999986,0.8348300457000732,{}
ztreamer-v0.1.0,2,latency,GetLatestTreeState,1,1000,1000,0.30754,0.495075,0.668354,2168.794391683352,,0.338797,,0.364536,0.47512316703796387,{}
ztreamer-v0.1.0,2,latency,GetSubtreeRoots/sapling-10,1,1000,1000,0.327065,0.493289,0.826038,2082.932160599202,,0.371202,,0.46587900000000015,0.4949791431427002,{}
ztreamer-v0.1.0,2,latency,GetSubtreeRoots/orchard-10,1,1000,1000,0.238323,0.437484,0.562152,2600.7354703060014,,0.24594,,0.39411000000000007,0.3989565372467041,{}
ztreamer-v0.1.0,2,latency,GetMempoolTx,1,1000,1000,0.195773,0.376764,0.505764,3003.8304816263394,,0.153422,,0.31372399999999956,0.3475778102874756,{}
ztreamer-v0.1.0,2,latency,GetTransaction,1,1000,1000,0.219999,0.455198,0.618793,2568.508161504033,,0.210787,,0.35716800000000004,0.40747499465942383,{}
ztreamer-v0.1.0,2,latency,GetTaddressBalance,1,1000,1000,0.1869,0.358217,0.50005,3039.936330600712,,0.157447,,0.3218350000000003,0.34346771240234375,{}
ztreamer-v0.1.0,2,latency,GetAddressUtxos,1,1000,1000,3.225198,419.70252,424.651382,6.770587100949596,,106.837628,,48.887598000000004,147.71253061294556,{}
ztreamer-v0.1.0,2,ranges,GetBlockRange/100,1,1000,1000,0.599075,1.350917,1.90071,1072.4900059777483,107249.00059777482,0.089902,,1.1661259999999967,0.943861722946167,{}
ztreamer-v0.1.0,2,ranges,GetBlockRange/1000,1,300,300,4.90456,8.570852,11.273271,179.48583647290258,179485.8364729026,0.129278,,1.9227730000000025,1.6819944381713867,{}
ztreamer-v0.1.0,2,ranges,GetBlockRange/10000,1,100,100,44.450782,105.521287,155.670581,16.901444911167722,169014.44911167724,0.504739,,6.903772,5.928683280944824,{}
ztreamer-v0.1.0,2,ranges,GetBlockRange/100000,1,10,10,425.214173,636.392359,636.392359,1.8168509009015257,181685.09009015257,0.584655,,6.596796000000002,5.515440225601196,{}
ztreamer-v0.1.0,2,scaling,GetBlockRange/1000 x1,1,5509,5509,4.218125,8.958872,13.364437,183.6048013308113,183604.80133081131,2.314987,,31.667411,30.025625228881836,{}
ztreamer-v0.1.0,2,scaling,GetBlock x1,1,119915,119915,0.157004,0.186135,0.393596,3997.1563986380716,,13.69895,,26.417386999999994,30.190205335617065,{}
ztreamer-v0.1.0,2,scaling,GetBlockRange/1000 x8,8,6978,6978,28.241553,54.281369,72.219819,232.41917537143394,232419.17537143393,3.347027,,59.97815800000001,30.048773527145386,{}
ztreamer-v0.1.0,2,scaling,GetBlock x8,8,321698,321698,0.397396,1.196173,1.991525,10723.455163918987,,20.394528,,58.896499000000006,30.468422412872314,{}
ztreamer-v0.1.0,2,scaling,GetBlockRange/1000 x32,32,7089,7089,105.101439,186.248431,252.124909,233.04480229060565,233044.80229060564,3.834298,,60.59160799999998,30.452619314193726,{}
ztreamer-v0.1.0,2,scaling,GetBlock x32,32,331313,331313,1.710714,4.869228,6.538772,11045.770887552324,,18.147055,,60.04916800000002,30.470759868621826,{}
ztreamer-v0.1.0,2,scaling,GetBlockRange/1000 x128,128,7102,7102,458.176574,732.681401,1041.649011,229.52736085140396,229527.36085140394,3.954495,,61.60058799999998,31.007219552993774,{}
ztreamer-v0.1.0,2,scaling,GetBlock x128,128,331035,331035,6.51077,18.606869,24.405138,11043.527872368042,,17.808761,,60.38386299999998,30.465122938156128,{}
ztreamer-v0.1.0,2,sync,sync 280000-4382797,1,411,411,43.042303,78.873968,132.47086,18.937315291361838,189041.31217218676,1.877759,,25.230365000000003,21.714797496795654,{}
ztreamer-v0.1.0,3,latency,GetLightdInfo,1,1000,1000,0.163956,0.349674,0.450649,2975.882507778094,,0.100477,,0.440493,0.39974021911621094,{}
ztreamer-v0.1.0,3,latency,GetLatestBlock,1,1000,1000,0.153004,0.349,0.412387,3113.7212453759057,,0.09157,,0.43438899999999997,0.33335375785827637,{}
ztreamer-v0.1.0,3,latency,GetBlock,1,1000,1000,0.244285,0.506122,0.733618,2271.712792912745,,0.196289,,0.4855719999999999,0.461667537689209,{}
ztreamer-v0.1.0,3,latency,GetBlockNullifiers,1,1000,1000,0.240851,0.439341,0.54657,2365.6007864865624,,0.194036,,0.47661500000000007,0.4428386688232422,{}
ztreamer-v0.1.0,3,latency,GetTreeState,1,1000,1000,0.625464,0.995891,1.295563,1159.7174087829028,,0.618185,,0.5376920000000001,0.8826451301574707,{}
ztreamer-v0.1.0,3,latency,GetLatestTreeState,1,1000,1000,0.442366,0.722712,0.87175,1599.7798933235092,,0.517157,,0.48302999999999985,0.6387407779693604,{}
ztreamer-v0.1.0,3,latency,GetSubtreeRoots/sapling-10,1,1000,1000,0.494562,0.64454,0.812389,1501.703622691799,,0.589961,,0.6573220000000002,0.6798505783081055,{}
ztreamer-v0.1.0,3,latency,GetSubtreeRoots/orchard-10,1,1000,1000,0.369515,0.512544,0.673403,1887.4880705327414,,0.41209,,0.525878,0.5426485538482666,{}
ztreamer-v0.1.0,3,latency,GetMempoolTx,1,1000,1000,0.294648,0.433647,0.562737,2285.348864960347,,0.234658,,0.39967699999999995,0.45236897468566895,{}
ztreamer-v0.1.0,3,latency,GetTransaction,1,1000,1000,0.319895,0.556766,0.73601,1930.4261258729218,,0.30775,,0.4829800000000002,0.5324873924255371,{}
ztreamer-v0.1.0,3,latency,GetTaddressBalance,1,1000,1000,0.290721,0.475993,0.618852,2199.309904496925,,0.248993,,0.44456199999999957,0.4676382541656494,{}
ztreamer-v0.1.0,3,latency,GetAddressUtxos,1,1000,1000,3.705724,498.633771,504.240673,5.710714481131061,,130.684421,,54.240514999999995,175.12734937667847,{}
ztreamer-v0.1.0,3,ranges,GetBlockRange/100,1,1000,1000,0.790163,1.582769,2.367246,863.5696821220295,86356.96821220295,0.167632,,1.4502050000000044,1.172353982925415,{}
ztreamer-v0.1.0,3,ranges,GetBlockRange/1000,1,300,300,5.86348,9.851518,12.888399,151.03184016805403,151031.84016805407,0.226082,,2.3001820000000004,1.999873161315918,{}
ztreamer-v0.1.0,3,ranges,GetBlockRange/10000,1,100,100,51.606439,117.149978,171.998904,14.712385257515203,147123.85257515204,0.774736,,8.078688999999997,6.811280727386475,{}
ztreamer-v0.1.0,3,ranges,GetBlockRange/100000,1,10,10,513.429427,761.155567,761.155567,1.501053834508322,150105.3834508322,1.149954,,8.344317999999994,6.67443060874939,{}
ztreamer-v0.1.0,3,scaling,GetBlockRange/1000 x1,1,4766,4766,5.057192,10.320658,15.356089,158.84777215305803,158847.77215305803,3.362108,,32.437159000000015,30.026663303375244,{}
ztreamer-v0.1.0,3,scaling,GetBlock x1,1,84792,84792,0.236139,0.279382,0.476705,2826.474091213295,,15.598129,,28.839661999999993,30.1433584690094,{}
ztreamer-v0.1.0,3,scaling,GetBlockRange/1000 x8,8,6020,6020,32.718011,61.679351,80.47283,200.41637698825056,200416.37698825056,4.308306,,60.002494,30.063501834869385,{}
ztreamer-v0.1.0,3,scaling,GetBlock x8,8,264170,264170,0.53359,1.420653,2.269816,8805.48883424285,,31.407309,,58.781954,30.546222925186157,{}
ztreamer-v0.1.0,3,scaling,GetBlockRange/1000 x32,32,6024,6024,121.729934,225.0506,351.824224,200.25399585888385,200253.99585888386,4.801441,,60.169518,30.11962389945984,{}
ztreamer-v0.1.0,3,scaling,GetBlock x32,32,286082,286082,2.085421,5.581231,7.304044,9537.832793205613,,30.173526,,60.25658200000004,30.55142045021057,{}
ztreamer-v0.1.0,3,scaling,GetBlockRange/1000 x128,128,6146,6146,529.703499,884.533537,1311.771603,200.55182417215565,200551.82417215564,4.480652,,61.27597199999995,30.715540170669556,{}
ztreamer-v0.1.0,3,scaling,GetBlock x128,128,287109,287109,8.020428,21.832016,28.946067,9578.741996923512,,29.776486,,60.58602700000003,30.610777616500854,{}
ztreamer-v0.1.0,3,sync,sync 280000-4382797,1,411,411,49.764542,89.108129,143.989954,16.589302757997412,165602.3313306722,2.733048,,28.999686999999966,24.787961959838867,{}
