system,suite,scenario,concurrency,runs,p50_ms,p50_ms_min,p50_ms_max,p95_ms,p95_ms_min,p95_ms_max,p99_ms,p99_ms_min,p99_ms_max,rps,rps_min,rps_max,blocks_per_second,blocks_per_second_min,blocks_per_second_max,server_cpu_seconds,server_cpu_seconds_min,server_cpu_seconds_max,client_cpu_seconds,client_cpu_seconds_min,client_cpu_seconds_max
zaino-0.10.1,latency,GetLightdInfo,1,3,2.474496,1.945748,3.499399,40.777925,40.580877,41.037767,41.147204,41.084675,41.369407,110.44990589117978,108.23429158848047,165.81864026535794,,,,2.615465,2.095206,3.65595,0.5933989999999999,0.408896,0.845089
zaino-0.10.1,latency,GetLatestBlock,1,3,0.158569,0.116146,0.230952,40.827614,40.650917,40.985764,41.117987,41.054671,41.328435,171.13512230849295,157.64680880904424,261.0689573145898,,,,0.113814,0.083596,0.17374,0.47238899999999995,0.371417,0.6754960000000001
zaino-0.10.1,latency,GetBlock,1,3,0.650207,0.519081,0.764579,41.089722,40.949436,53.262487,41.422897,41.21827,172.551465,115.97625747185549,62.21482558898522,139.30925336129914,,,,0.326641,0.286136,0.460805,0.555771,0.4638729999999999,0.791302
zaino-0.10.1,latency,GetBlockNullifiers,1,3,0.256973,0.213933,0.359362,40.907177,40.892246,41.18972,41.251086,41.194006,41.456216,139.38319654726158,123.37229047689121,161.9412965815239,,,,0.249316,0.201123,0.359052,0.547797,0.429714,0.7594919999999996
zaino-0.10.1,latency,GetTreeState,1,3,40.379275,40.251574,40.40573,41.341439,41.16925,85.628649,41.449471,41.257939,192.262771,43.141011599088195,29.653832605433173,43.24732866923779,,,,1.297432,1.20067,1.857346,0.6753510000000003,0.6155960000000003,1.0046430000000006
zaino-0.10.1,latency,GetLatestTreeState,1,3,40.339243,40.29278,40.395833,41.114411,41.101079,41.188869,41.264332,41.214652,41.434807,44.581342765214956,43.229433294666144,45.18795986787821,,,,0.804192,0.788671,1.203276,0.6588959999999997,0.578731,0.9234399999999999
zaino-0.10.1,latency,GetSubtreeRoots/sapling-10,1,3,40.838775,40.83038,40.84689,41.022489,41.002753,42.75025,41.595751,41.519959,81.832503,23.13635628856817,22.025561793271134,23.176827802427148,,,,29.205729,25.458678,38.144398,0.8716290000000001,0.7944509999999999,1.241174
zaino-0.10.1,latency,GetSubtreeRoots/orchard-10,1,3,40.835102,40.834371,41.721937,41.490315,41.017872,41.864766,41.70704,41.547874,42.047844,23.188614655945454,22.79812437135147,23.198317560559016,,,,5.542545,4.980975,7.768328,0.8387029999999999,0.7960899999999999,1.1952639999999999
zaino-0.10.1,latency,GetMempoolTx,1,3,40.837863,40.765056,40.850767,40.96296,40.924898,41.350975,41.54678,41.491552,41.718458,23.205927720580377,23.178248971234527,23.227669637643544,,,,0.361268,0.341869,0.51496,0.7362610000000005,0.6695440000000003,1.0432089999999998
zaino-0.10.1,latency,GetTransaction,1,3,2.065781,1.357093,3.370117,41.176904,41.059128,41.188928,41.302836,41.28396,41.368103,48.810520117890256,48.29350551602174,49.912915556137094,,,,1.46536,1.284814,1.897557,0.674202,0.546581,0.8815800000000007
zaino-0.10.1,latency,GetTaddressBalance,1,3,0.296924,0.227178,0.389338,40.838726,40.624982,40.865164,41.162029,41.155413,41.250163,189.91138645259858,148.35714179896436,217.11462050807637,,,,0.282822,0.223562,0.380059,0.4861569999999995,0.39065400000000006,0.689795999999999
zaino-0.10.1,latency,GetAddressUtxos,1,3,41.437232,40.98192,41.676804,516.131938,392.592354,692.413559,520.218117,421.533103,718.222664,5.25474615729657,4.0615568817901675,6.870348457620178,,,,137.438377,102.753957,181.225015,53.201809000000004,40.263667999999996,70.564667
zaino-0.10.1,ranges,GetBlockRange/100,1,3,41.775889,41.72843,41.829374,42.955908,42.521342,117.442797,43.764962,43.167905,230.409902,23.591107719198,19.179567291949617,23.722062204691838,2359.1107719198,1917.9567291949616,2372.206220469184,1.911104,1.493824,2.437585,2.008617999999996,1.472428999999999,2.542044000000004
zaino-0.10.1,ranges,GetBlockRange/1000,1,3,24.717412,13.738667,50.126449,253.11286,219.926895,370.377846,265.486137,228.679496,821.676424,11.414491471144746,9.029679124076699,12.060314532192546,11414.491471144745,9029.6791240767,12060.314532192546,4.677145,3.110225,5.813929,2.9598100000000036,2.1584940000000006,3.770934000000004
zaino-0.10.1,ranges,GetBlockRange/10000,1,3,103.440418,85.296133,124.211936,1146.41599,819.122774,1663.366854,2086.124229,1798.145715,2677.680587,2.4571171083808485,2.1830719492838813,3.103596007460106,24571.171083808484,21830.719492838813,31035.96007460106,11.071714,8.095886,14.007696,8.978656,6.8888019999999965,11.614702000000001
zaino-0.10.1,ranges,GetBlockRange/100000,1,3,1167.789766,978.294261,2792.396633,16494.992105,12766.172292,21070.624423,16494.992105,12766.172292,21070.624423,0.11575557853865409,0.08883719694983151,0.13728046853419756,11575.55785386541,8883.71969498315,13728.046853419757,18.958177,12.599617,22.855157,9.381217000000005,6.879274000000001,11.449414999999995
zaino-0.10.1,scaling,GetBlockRange/1000 x1,1,3,17.726842,14.435172,47.619077,232.000514,214.825724,466.528649,251.424857,223.941716,686.351081,12.95864066561744,8.219625173411607,14.346801508134208,12958.640665617439,8219.625173411609,14346.801508134207,6.704564,2.479696,7.236575,3.7752279999999985,1.5246640000000005,4.084581999999994
zaino-0.10.1,scaling,GetBlock x1,1,3,0.277678,0.268432,0.332001,40.999805,40.925583,41.180736,41.402676,41.25173,138.650784,132.2852988611304,84.22714398058422,138.6111891396024,,,,1.133031,0.565654,1.281016,1.7590479999999982,0.822880999999998,2.0610400000000064
zaino-0.10.1,scaling,GetBlockRange/1000 x8,8,3,51.425867,35.013597,54.496819,418.28079,415.963818,548.448707,449.079727,445.017398,1326.627252,55.835112079547066,41.77710425353861,57.42094347110197,55835.11207954707,41777.10425353861,57420.94347110197,30.247173,15.86612,33.219541,16.120531999999997,8.657793000000007,17.519977999999995
zaino-0.10.1,scaling,GetBlock x8,8,3,0.256201,0.200819,0.340426,40.922751,40.864744,41.095312,41.290663,41.130417,41.604413,1006.017751570899,950.884437085424,1047.4296517649045,,,,6.436334,4.726164,7.376497,10.733488000000001,7.665580999999988,12.55737499999999
zaino-0.10.1,scaling,GetBlockRange/1000 x32,32,3,166.127392,109.760633,219.629527,882.518302,743.078472,1838.746232,1652.508564,1588.560424,3102.394247,103.77054295405465,77.92249887281612,113.0624724626632,103770.54295405465,77922.49887281611,113062.4724626632,45.116381,26.28005,50.066875,33.63821399999999,17.44276400000001,37.19439700000001
zaino-0.10.1,scaling,GetBlock x32,32,3,0.310236,0.208659,0.409395,41.245223,41.001078,41.501045,42.042945,41.751046,42.258448,3236.1543927693288,3024.6829590010702,3520.7822680670156,,,,17.732397,14.488156,20.670482,28.56465600000002,23.670609999999996,33.187476000000004
zaino-0.10.1,scaling,GetBlockRange/1000 x128,128,3,908.112119,664.318413,1080.037666,1829.423995,1618.407086,4043.999581,2380.685817,2040.106545,7181.200685,110.09262828146535,106.43704463377246,123.9559964749872,110092.62828146535,106437.04463377246,123955.9964749872,47.867546,37.512887,48.200225,40.22621499999999,26.427938999999988,40.40993100000001
zaino-0.10.1,scaling,GetBlock x128,128,3,3.186964,0.939058,5.930002,44.948357,42.890057,47.364148,47.770392,44.76257,51.424307,6843.036235190661,6112.682217537758,8111.867734691677,,,,31.699515,28.643208,32.433405,49.32138499999999,45.567164000000005,50.73732399999999
zaino-0.10.1,sync,sync 280000-4382797,1,3,806.446976,704.949485,909.389025,1939.067878,1785.586108,2357.143197,2081.533024,1922.73882,3560.127748,1.1143678974960864,0.9925660199080921,1.2783734306737593,11124.151778859243,9908.267351208955,12761.33322292321,77.7344,44.602609,88.958496,37.58314800000001,27.373120999999994,41.904363000000025
zaino-0.9.0,latency,GetLightdInfo,1,3,2.384704,2.194802,2.542158,40.896795,40.674238,41.094194,41.27378,41.134118,41.309345,142.0542449993466,74.68092452891709,144.84328368567088,,,,2.31779,2.277799,2.713603,0.439934,0.39919599999999994,0.6170450000000001
zaino-0.9.0,latency,GetLatestBlock,1,3,0.154184,0.101056,0.160821,40.726494,40.568748,41.11432,41.157423,41.076734,41.404067,207.51445944411643,102.89256951082785,266.50279928330855,,,,0.10267,0.068834,0.115089,0.414599,0.37505000000000005,0.47313799999999995
zaino-0.9.0,latency,GetBlock,1,3,2.057638,1.790721,2.708159,41.174447,41.136387,41.295515,41.346424,41.319489,41.537983,52.2077436223032,48.46578135560551,52.64507449836211,,,,0.332481,0.328885,0.454557,0.57046,0.5625720000000001,0.6829320000000001
zaino-0.9.0,latency,GetBlockNullifiers,1,3,0.26722,0.234605,0.444641,41.075819,40.921419,41.244481,41.311137,41.245064,41.500161,108.73940016210827,76.03983981363398,140.45007738818225,,,,0.236096,0.206802,0.264214,0.496419,0.46617900000000007,0.566264
zaino-0.9.0,latency,GetTreeState,1,3,40.297003,40.218816,40.369429,41.120067,40.953703,41.255765,41.342155,41.290663,41.428408,43.77006254188728,42.32410958969422,45.09120783324563,,,,1.003889,1.000228,1.060238,0.5771,0.569173,0.6609560000000001
zaino-0.9.0,latency,GetLatestTreeState,1,3,40.325257,40.209195,40.392221,41.207189,41.173905,41.230186,41.313419,41.256109,41.427071,43.398658307060515,42.39568686357056,45.102814831015316,,,,0.686925,0.666288,0.795893,0.5754269999999998,0.5383029999999999,0.6589870000000001
zaino-0.9.0,latency,GetSubtreeRoots/sapling-10,1,3,40.855074,40.826748,40.880065,41.106895,41.097807,41.645153,41.603355,41.577401,41.838238,23.17455726366435,23.16518704945372,23.206211638359644,,,,22.628005,20.583392,29.159503,0.7156359999999999,0.6769240000000003,0.8750349999999999
zaino-0.9.0,latency,GetSubtreeRoots/orchard-10,1,3,40.856132,40.832421,40.958925,41.214624,41.063138,41.81534,41.608893,41.603524,42.010132,23.192587239611345,23.089468238448976,23.207764521184117,,,,4.644476,4.432906,5.541968,0.7301199999999999,0.6787989999999998,0.857722
zaino-0.9.0,latency,GetMempoolTx,1,3,40.850745,40.833892,40.868657,40.996403,40.938906,41.650438,41.518087,41.476157,41.826805,23.213259895625384,23.17752173877053,23.231384790373827,,,,0.340657,0.332249,0.367973,0.6663349999999997,0.6206270000000002,0.7312780000000003
zaino-0.9.0,latency,GetTransaction,1,3,2.704138,1.285399,3.328968,41.103292,41.085832,41.200425,41.317741,41.216619,41.441027,48.64916545793721,45.694720968555245,50.771151100616656,,,,1.179073,1.081808,1.383409,0.5321859999999996,0.5134460000000005,0.6489519999999996
zaino-0.9.0,latency,GetTaddressBalance,1,3,0.296773,0.216541,0.514474,40.938893,40.761111,41.203761,41.228376,41.211202,41.386869,161.6002593148942,68.32447898896274,187.25295373736128,,,,0.25851,0.200961,0.285861,0.4655169999999993,0.3819770000000007,0.49417299999999975
zaino-0.9.0,latency,GetAddressUtxos,1,3,41.220219,41.154329,41.456345,364.880123,309.451791,495.081365,372.509201,327.985611,500.394546,7.255486172011619,5.454878714151852,8.366193951064654,,,,93.370519,77.985802,130.214142,42.248222999999996,36.297017000000004,53.641541000000004
zaino-0.9.0,ranges,GetBlockRange/100,1,3,41.872917,41.723398,41.950981,59.766198,59.020686,61.975971,61.396111,60.737249,64.590333,22.078125421958855,20.925305059809872,22.47689357656633,2207.8125421958857,2092.530505980987,2247.6893576566326,2.305921,1.862796,3.811998,1.6474930000000025,1.4590759999999974,2.277903000000001
zaino-0.9.0,ranges,GetBlockRange/1000,1,3,48.746945,46.310926,179.129806,220.121517,218.59617,260.309984,225.478722,224.792844,276.912432,10.803396190067536,8.565107108320882,11.713971981104972,10803.396190067537,8565.107108320883,11713.971981104973,6.543853,5.100017,12.134455,3.1267210000000034,2.644052000000004,4.374639000000004
zaino-0.9.0,ranges,GetBlockRange/10000,1,3,86.469441,84.617662,376.951359,775.017596,714.617802,1462.613655,1756.104769,1664.148536,2029.76072,2.9094519297984154,2.376256306181194,3.138053887891166,29094.519297984152,23762.56306181194,31380.53887891166,13.027933,11.113531,22.647998,8.173860999999995,7.0600439999999995,11.118210999999995
zaino-0.9.0,ranges,GetBlockRange/100000,1,3,855.632214,842.406792,9417.626166,16644.070103,12550.97113,17805.616747,16644.070103,12550.97113,17805.616747,0.1161018879991878,0.07215275408980615,0.13597960781245766,11610.18879991878,7215.275408980615,13597.960781245767,28.221302,19.745644,46.378564,11.071192,8.217121999999998,14.537720999999996
zaino-0.9.0,scaling,GetBlockRange/1000 x1,1,3,45.260005,12.247983,199.7267,246.111161,219.764266,259.037232,257.059745,225.45207,269.730044,11.02673361075866,7.847935836538123,12.527287645725055,11026.73361075866,7847.935836538123,12527.287645725055,5.436894,5.161868,15.216574,2.3877260000000025,2.2742460000000078,4.991493
zaino-0.9.0,scaling,GetBlock x1,1,3,1.425452,1.227434,1.965255,41.248484,41.150308,41.26581,41.369492,41.297549,41.588591,58.33869269763283,51.17862449685906,59.110227332651384,,,,0.475166,0.459264,0.682203,0.7388089999999998,0.6889879999999993,1.0655980000000103
zaino-0.9.0,scaling,GetBlockRange/1000 x8,8,3,50.962884,45.867205,53.60991,434.893309,422.398676,460.898986,450.216159,441.25319,479.979005,56.035170962540825,37.49217780441404,56.66574306486591,56035.170962540826,37492.177804414045,56665.74306486591,20.182905,18.377903,37.438548,11.551890999999996,10.217621999999992,20.217259999999992
zaino-0.9.0,scaling,GetBlock x8,8,3,0.274019,0.259896,0.396522,40.977899,40.94979,41.112284,41.543414,41.467191,41.543773,461.38586791146514,450.8523333704097,478.5837002086011,,,,1.817985,1.668779,3.134864,3.842949000000006,3.2972560000000026,5.990822000000006
zaino-0.9.0,scaling,GetBlockRange/1000 x32,32,3,74.248534,52.94193,98.195964,1558.876038,1282.400363,1850.806825,1769.935339,1705.490754,1902.616286,115.98414995870566,57.5928915953769,117.48307727630106,115984.14995870565,57592.8915953769,117483.07727630106,27.141909,17.228398,42.308989,21.712292999999995,14.389388999999992,37.166099999999986
zaino-0.9.0,scaling,GetBlock x32,32,3,0.237493,0.21291,0.463068,41.012633,41.004738,41.386508,41.757888,41.757869,42.03512,1780.0952505395553,1729.360483775045,1878.710178099465,,,,6.217225,6.171456,10.502444,14.12437400000001,12.285092000000011,19.747092000000006
zaino-0.9.0,scaling,GetBlockRange/1000 x128,128,3,602.248068,388.811042,872.420917,2664.330673,2389.369851,6503.282495,6745.560671,4982.781127,7743.013947,145.23542644590904,82.98586179283144,151.49963800637656,145235.42644590902,82985.86179283145,151499.63800637657,36.723711,24.925879,49.80314,31.236952999999993,22.381472999999996,48.92426300000001
zaino-0.9.0,scaling,GetBlock x128,128,3,40.441365,40.441058,40.849291,43.491334,42.914042,45.993945,46.562003,45.301091,50.074792,5528.029253561723,4942.059204911853,5558.592005151816,,,,16.201665,15.707182,23.990479,36.009889999999984,34.580896,44.771101
zaino-0.9.0,sync,sync 280000-4382797,1,3,713.28526,654.224693,1424.065914,1920.731733,1838.443127,2316.546,2016.762452,1921.817388,2478.429179,1.1560773294196969,0.7292999907521184,1.278378329949083,11540.515218950059,7280.220300383965,12761.382129825883,116.029429,72.167078,194.340343,46.38586900000002,32.14623700000001,60.605091
ztreamer-master,latency,GetLightdInfo,1,3,0.079554,0.077905,0.164135,0.231084,0.227219,0.354103,0.345527,0.319608,0.440933,4801.632947015234,2933.057353754358,5028.183420609022,,,,0.041828,0.041816,0.09774,0.27443199999999995,0.262346,0.45293799999999995
ztreamer-master,latency,GetLatestBlock,1,3,0.073035,0.070261,0.149918,0.228354,0.225935,0.339185,0.302654,0.288642,0.419135,5011.876669202392,3121.1884436874248,5296.236235015822,,,,0.039329,0.038065,0.088865,0.26474499999999995,0.254889,0.43666799999999995
ztreamer-master,latency,GetBlock,1,3,0.148059,0.140343,0.238865,0.34872,0.309854,0.47,0.488757,0.455562,0.630389,3652.501330250116,2312.451120419914,3696.3287338534933,,,,0.109071,0.099869,0.189829,0.302933,0.29357199999999994,0.492588
ztreamer-master,latency,GetBlockNullifiers,1,3,0.148223,0.138727,0.237122,0.295919,0.289013,0.453249,0.442979,0.442304,0.574148,3656.0346850350434,2380.9058682555974,3893.568510478105,,,,0.1098,0.098084,0.189715,0.305849,0.28725100000000003,0.48167700000000013
ztreamer-master,latency,GetTreeState,1,3,0.523528,0.472538,0.606664,0.829442,0.725152,0.909073,1.109391,0.971236,1.209916,1393.9284571767191,1181.5837166165425,1576.1796508760497,,,,0.400764,0.377072,0.620366,0.3443899999999999,0.3210610000000001,0.5643989999999997
ztreamer-master,latency,GetLatestTreeState,1,3,0.274535,0.251089,0.435175,0.451811,0.392466,0.701572,0.608611,0.528574,0.894558,2465.1186268946103,1618.648980643179,2691.149372969866,,,,0.305172,0.275788,0.513747,0.305361,0.2886309999999998,0.4872679999999999
ztreamer-master,latency,GetSubtreeRoots/sapling-10,1,3,0.286689,0.269831,0.485369,0.428799,0.418266,0.616174,0.608306,0.554779,0.846625,2430.807578815624,1520.5503212215774,2534.0129471590517,,,,0.329371,0.305518,0.583456,0.3902970000000001,0.37851899999999994,0.6682760000000002
ztreamer-master,latency,GetSubtreeRoots/orchard-10,1,3,0.214519,0.203417,0.366566,0.367283,0.365509,0.534952,0.546343,0.523794,0.707343,2864.4925639792505,1892.0316419512053,3060.531913284884,,,,0.227303,0.213993,0.408787,0.3443369999999999,0.3242090000000001,0.5338710000000001
ztreamer-master,latency,GetMempoolTx,1,3,0.180729,0.167787,0.291326,0.324086,0.314907,0.430248,0.466606,0.420412,0.554919,3443.77847737908,2304.471583525184,3609.3228390250565,,,,0.146788,0.129422,0.231434,0.25408700000000006,0.24892599999999998,0.392482
ztreamer-master,latency,GetTransaction,1,3,0.200324,0.188905,0.307366,0.398958,0.392863,0.551804,0.551362,0.548152,0.810388,2946.7621449033745,1966.2683866174664,3073.8629376012373,,,,0.193209,0.177768,0.299009,0.2986749999999999,0.28912800000000005,0.4766180000000001
ztreamer-master,latency,GetTaddressBalance,1,3,0.166438,0.159624,0.284862,0.3245,0.308468,0.46423,0.436651,0.428739,0.593853,3494.731679761199,2266.3774907992893,3639.59881619428,,,,0.14125,0.128824,0.241839,0.27258300000000024,0.270494,0.4354209999999997
ztreamer-master,latency,GetAddressUtxos,1,3,2.919487,2.572502,4.137559,382.660565,362.829565,506.596889,398.46873,367.967805,512.09147,7.514030984603306,5.622649360435805,7.8687156753310346,,,,96.397503,92.415313,132.588749,43.816235000000006,41.125837999999995,55.053048
ztreamer-master,ranges,GetBlockRange/100,1,3,0.561963,0.528626,0.786213,1.181339,1.135881,1.523212,1.616196,1.556595,2.144937,1211.955429839742,877.5012394046881,1243.4357379839473,121195.5429839742,87750.12394046881,124343.57379839475,0.082495,0.080345,0.171434,1.0049520000000034,0.9990979999999956,1.435458000000001
ztreamer-master,ranges,GetBlockRange/1000,1,3,4.287566,4.25261,5.813398,7.658369,7.639952,9.913395,9.992933,9.806051,12.774464,202.12161957124346,151.73901200292354,206.83790989580527,202121.61957124344,151739.01200292355,206837.90989580526,0.119183,0.113514,0.218469,1.7100309999999999,1.6477899999999952,2.3034540000000026
ztreamer-master,ranges,GetBlockRange/10000,1,3,43.727059,38.679887,51.873693,108.758865,90.902468,118.423531,132.808897,132.435082,177.556092,18.155761056657,14.663606552048343,19.590015412740435,181557.61056657,146636.06552048342,195900.15412740436,0.478563,0.451309,0.852471,6.3133110000000014,5.981503,8.130996999999995
ztreamer-master,ranges,GetBlockRange/100000,1,3,377.862155,364.873063,516.79671,560.840748,547.77248,763.687432,560.840748,547.77248,763.687432,2.0367715509563524,1.5116987123780599,2.119865530273037,203677.15509563521,151169.871237806,211986.55302730371,0.579208,0.501588,1.1355,5.943975999999999,5.633503000000001,8.210960000000009
ztreamer-master,scaling,GetBlockRange/1000 x1,1,3,3.747179,3.659316,5.14184,7.925626,7.6464,10.19297,11.593198,11.170786,14.774048,209.31892541630882,157.03269899451132,216.19417232033624,209318.9254163088,157032.6989945113,216194.17232033622,2.502609,2.476115,3.533891,31.550994999999997,31.377555000000005,32.11357199999999
ztreamer-master,scaling,GetBlock x1,1,3,0.143825,0.132854,0.232858,0.174669,0.160676,0.274174,0.355077,0.332779,0.442661,4421.613833313651,2852.888120480429,5025.597573138932,,,,14.153583,13.906182,15.514597,26.230726,25.613225,29.165735
ztreamer-master,scaling,GetBlockRange/1000 x8,8,3,24.958117,24.013794,33.381277,48.411408,46.005472,62.98813,63.56512,59.914026,81.447572,259.1281066381966,199.69867124451167,272.44743897419795,259128.10663819656,199698.67124451167,272447.43897419795,3.649356,3.593031,5.112505,59.943129000000006,59.943075000000015,59.962877999999996
ztreamer-master,scaling,GetBlock x8,8,3,0.361543,0.317646,0.526543,1.072281,0.98258,1.420161,1.780419,1.607,2.27,11857.877829248206,8886.207649493359,13262.300497868371,,,,21.204516,20.489877,31.638079,58.832437999999996,58.735687999999996,58.84070699999998
ztreamer-master,scaling,GetBlockRange/1000 x32,32,3,92.820897,88.497872,120.79814,169.029893,163.123614,227.455405,241.330563,234.757461,374.02743,264.0027896885441,202.6202757687343,275.48741858953616,264002.7896885441,202620.27576873428,275487.41858953616,4.059402,3.927678,5.189097,60.17745100000002,60.126058,60.195333
ztreamer-master,scaling,GetBlock x32,32,3,1.543594,1.367663,2.096044,4.40303,4.040633,5.549363,5.875088,5.347818,7.349204,12257.175203333003,9518.767887601627,13604.938227978148,,,,18.735986,18.140367,30.351296,60.01055099999998,59.88557899999998,60.31192800000001
ztreamer-master,scaling,GetBlockRange/1000 x128,128,3,394.502887,386.821534,542.917782,658.125154,635.412658,851.591852,974.328569,937.740637,1228.790285,259.49760113581914,198.7108290528725,270.81305134277113,259497.60113581916,198710.8290528725,270813.05134277116,4.279625,4.051214,4.902964,61.12487200000001,61.08802500000001,61.271793999999986
ztreamer-master,scaling,GetBlock x128,128,3,5.955337,5.174279,7.956474,16.772839,15.259365,21.495912,22.478557,20.668584,28.24192,12066.679888801664,9689.033344699486,13610.004458400597,,,,18.138164,17.604835,30.302837,60.40220700000002,60.33710799999999,60.43145900000002
ztreamer-master,sync,sync 280000-4382797,1,3,38.758577,37.208858,50.347859,70.52913,68.648405,89.155587,119.578919,116.806135,144.56185,21.091602407121524,16.463134855157055,21.827775163314847,210546.43351030018,164342.86315685805,217895.26103284143,1.873316,1.699964,2.885403,22.79419100000003,22.085366999999994,29.134454999999967
ztreamer-v0.1.0,latency,GetLightdInfo,1,3,0.094605,0.053545,0.163956,0.272646,0.174133,0.349674,0.399228,0.226577,0.450649,4144.394397612627,2975.882507778094,7170.861148356764,,,,0.048195,0.031513,0.100477,0.32879899999999995,0.18901,0.440493
ztreamer-v0.1.0,latency,GetLatestBlock,1,3,0.08458,0.048923,0.153004,0.255348,0.15759,0.349,0.367753,0.216366,0.412387,4487.006915742993,3113.7212453759057,7672.138525371244,,,,0.043925,0.029756,0.09157,0.30681600000000003,0.182112,0.43438899999999997
ztreamer-v0.1.0,latency,GetBlock,1,3,0.163493,0.086959,0.244285,0.399474,0.213714,0.506122,0.564788,0.319014,0.733618,3138.838471819075,2271.712792912745,5722.210518076409,,,,0.122522,0.068356,0.196289,0.35230399999999995,0.20566099999999998,0.4855719999999999
ztreamer-v0.1.0,latency,GetBlockNullifiers,1,3,0.159993,0.085431,0.240851,0.333965,0.197794,0.439341,0.52249,0.245143,0.54657,3265.9396667550127,2365.6007864865624,6007.9070304744355,,,,0.118928,0.066411,0.194036,0.3460350000000001,0.20503200000000005,0.47661500000000007
ztreamer-v0.1.0,latency,GetTreeState,1,3,0.613366,0.358724,0.625464,0.897409,0.588455,0.995891,1.148194,0.731472,1.295563,1225.1983166029972,1159.7174087829028,2127.232123014056,,,,0.541266,0.283566,0.618185,0.39655799999999986,0.21421199999999996,0.5376920000000001
ztreamer-v0.1.0,latency,GetLatestTreeState,1,3,0.30754,0.164565,0.442366,0.495075,0.286622,0.722712,0.668354,0.384211,0.87175,2168.794391683352,1599.7798933235092,4095.348929421322,,,,0.338797,0.193297,0.517157,0.364536,0.20183199999999996,0.48302999999999985
ztreamer-v0.1.0,latency,GetSubtreeRoots/sapling-10,1,3,0.327065,0.198996,0.494562,0.493289,0.277953,0.64454,0.812389,0.363341,0.826038,2082.932160599202,1501.703622691799,3609.115314453628,,,,0.371202,0.244686,0.589961,0.46587900000000015,0.28633000000000003,0.6573220000000002
ztreamer-v0.1.0,latency,GetSubtreeRoots/orchard-10,1,3,0.238323,0.148397,0.369515,0.437484,0.239606,0.512544,0.562152,0.336861,0.673403,2600.7354703060014,1887.4880705327414,4413.597867794401,,,,0.24594,0.163897,0.41209,0.39411000000000007,0.23782199999999987,0.525878
ztreamer-v0.1.0,latency,GetMempoolTx,1,3,0.195773,0.112591,0.294648,0.376764,0.192943,0.433647,0.505764,0.251514,0.562737,3003.8304816263394,2285.348864960347,5422.3515142176875,,,,0.153422,0.092307,0.234658,0.31372399999999956,0.17675800000000008,0.39967699999999995
ztreamer-v0.1.0,latency,GetTransaction,1,3,0.219999,0.113833,0.319895,0.455198,0.25563,0.556766,0.618793,0.404648,0.73601,2568.508161504033,1930.4261258729218,4783.2838540884895,,,,0.210787,0.117175,0.30775,0.35716800000000004,0.2038669999999999,0.4829800000000002
ztreamer-v0.1.0,latency,GetTaddressBalance,1,3,0.1869,0.093123,0.290721,0.358217,0.198651,0.475993,0.50005,0.244278,0.618852,3039.936330600712,2199.309904496925,5733.48443434658,,,,0.157447,0.08201,0.248993,0.3218350000000003,0.18724700000000027,0.44456199999999957
ztreamer-v0.1.0,latency,GetAddressUtxos,1,3,3.225198,2.139932,3.705724,419.70252,277.847456,498.633771,424.651382,288.464679,504.240673,6.770587100949596,5.710714481131061,10.3075107981613,,,,106.837628,73.715076,130.684421,48.887598000000004,29.102629999999998,54.240514999999995
ztreamer-v0.1.0,ranges,GetBlockRange/100,1,3,0.599075,0.389253,0.790163,1.350917,0.811523,1.582769,1.90071,1.03238,2.367246,1072.4900059777483,863.5696821220295,1725.500255135919,107249.00059777482,86356.96821220295,172550.02551359189,0.089902,0.072239,0.167632,1.1661259999999967,0.7353379999999983,1.4502050000000044
ztreamer-v0.1.0,ranges,GetBlockRange/1000,1,3,4.90456,3.134211,5.86348,8.570852,5.645987,9.851518,11.273271,6.96651,12.888399,179.48583647290258,151.03184016805403,280.7210616910977,179485.8364729026,151031.84016805407,280721.0616910977,0.129278,0.115094,0.226082,1.9227730000000025,1.2648970000000026,2.3001820000000004
ztreamer-v0.1.0,ranges,GetBlockRange/10000,1,3,44.450782,29.863931,51.606439,105.521287,68.558841,117.149978,155.670581,98.289995,171.998904,16.901444911167722,14.712385257515203,26.044268685796865,169014.44911167724,147123.85257515204,260442.68685796866,0.504739,0.451887,0.774736,6.903772,4.635552999999996,8.078688999999997
ztreamer-v0.1.0,ranges,GetBlockRange/100000,1,3,425.214173,276.235508,513.429427,636.392359,402.487472,761.155567,636.392359,402.487472,761.155567,1.8168509009015257,1.501053834508322,2.8270395713244105,181685.09009015257,150105.3834508322,282703.95713244105,0.584655,0.525714,1.149954,6.596796000000002,4.331046000000006,8.344317999999994
ztreamer-v0.1.0,scaling,GetBlockRange/1000 x1,1,3,4.218125,2.680516,5.057192,8.958872,5.685579,10.320658,13.364437,8.515123,15.356089,183.6048013308113,158.84777215305803,293.28790535425395,183604.80133081131,158847.77215305803,293287.90535425395,3.247481,2.314987,3.362108,32.396271000000006,31.667411,32.437159000000015
ztreamer-v0.1.0,scaling,GetBlock x1,1,3,0.157004,0.08729,0.236139,0.186135,0.107876,0.279382,0.393596,0.258739,0.476705,3997.1563986380716,2826.474091213295,7008.3881219124505,,,,14.169328,13.69895,15.598129,28.839661999999993,26.417386999999994,30.612360999999993
ztreamer-v0.1.0,scaling,GetBlockRange/1000 x8,8,3,28.241553,17.908016,32.718011,54.281369,35.419012,61.679351,72.219819,46.593679,80.47283,232.41917537143394,200.41637698825056,355.79972048966573,232419.17537143393,200416.37698825056,355799.7204896657,4.308306,3.347027,4.801769,60.002494,59.97815800000001,60.06922899999999
ztreamer-v0.1.0,scaling,GetBlock x8,8,3,0.397396,0.283276,0.53359,1.196173,0.797746,1.420653,1.991525,1.365837,2.269816,10723.455163918987,8805.48883424285,16033.635237239901,,,,22.275335,20.394528,31.407309,58.896499000000006,58.781954,59.221659
ztreamer-v0.1.0,scaling,GetBlockRange/1000 x32,32,3,105.101439,66.597734,121.729934,186.248431,126.279298,225.0506,252.124909,177.56886,351.824224,233.04480229060565,200.25399585888385,356.97584739531715,233044.80229060564,200253.99585888386,356975.84739531716,4.801441,3.834298,5.322766,60.45621199999997,60.169518,60.59160799999998
ztreamer-v0.1.0,scaling,GetBlock x32,32,3,1.710714,1.155382,2.085421,4.869228,3.288917,5.581231,6.538772,4.382297,7.304044,11045.770887552324,9537.832793205613,16452.055312019325,,,,21.666325,18.147055,30.173526,60.15633700000005,60.04916800000002,60.25658200000004
ztreamer-v0.1.0,scaling,GetBlockRange/1000 x128,128,3,458.176574,298.472117,529.703499,732.681401,490.728759,884.533537,1041.649011,695.422209,1311.771603,229.52736085140396,200.55182417215565,350.4780242056407,229527.36085140394,200551.82417215564,350478.02420564066,4.480652,3.954495,5.758318,61.50099699999995,61.27597199999995,61.60058799999998
ztreamer-v0.1.0,scaling,GetBlock x128,128,3,6.51077,4.778821,8.020428,18.606869,13.052865,21.832016,24.405138,17.474673,28.946067,11043.527872368042,9578.741996923512,15466.45366588103,,,,21.971091,17.808761,29.776486,60.38386299999998,60.241229000000025,60.58602700000003
ztreamer-v0.1.0,sync,sync 280000-4382797,1,3,43.042303,29.603484,49.764542,78.873968,54.152923,89.108129,132.47086,89.210015,143.989954,18.937315291361838,16.589302757997412,27.50312501347051,189041.31217218676,165602.3313306722,274549.30972996785,1.877759,1.801302,2.733048,25.230365000000003,17.758045999999986,28.999686999999966
