method,case,agreement,zaino-0.10.1_status,zaino-0.10.1_oracle,zaino-0.10.1_note,zaino-0.9.0_status,zaino-0.9.0_oracle,zaino-0.9.0_note,ztreamer-master_status,ztreamer-master_oracle,ztreamer-master_note,ztreamer-v0.1.0_status,ztreamer-v0.1.0_oracle,ztreamer-v0.1.0_note
GetLightdInfo,info,differs: zaino-0.10.1 | zaino-0.9.0 | ztreamer-master | ztreamer-v0.1.0,OK,,,OK,,,OK,,,OK,,
GetLatestBlock,tip,identical,OK,,,OK,,,OK,,,OK,,
GetLatestTreeState,tip,identical,OK,,,OK,,,OK,,,OK,,
Ping,zero,all UNIMPLEMENTED,UNIMPLEMENTED,,Ping not yet implemented. If you require this RPC please open an issue or PR at the Zaino github (https://github.com/zingolabs/zaino.git).,UNIMPLEMENTED,,Ping not yet implemented. If you require this RPC please open an issue or PR at the Zaino github (https://github.com/zingolabs/zaino.git).,UNIMPLEMENTED,,Ping is disabled; start ztreamerd with --ping-very-insecure to enable it,UNIMPLEMENTED,,Ping is disabled; start ztreamerd with --ping-very-insecure to enable it
GetBlock,height=279999,"differs: zaino-0.10.1,ztreamer-master,ztreamer-v0.1.0 | zaino-0.9.0",OK,pass,0 of 1 txs compact,OK,pass,1 of 1 txs compact,OK,pass,0 of 1 txs compact,OK,pass,0 of 1 txs compact
GetBlockNullifiers,height=279999,"differs: zaino-0.10.1,ztreamer-master,ztreamer-v0.1.0 | zaino-0.9.0",OK,,,OK,,,OK,,,OK,,
GetTreeState,height=279999,identical,OK,pass,sapling empty tree encoded '000000' (zebra: ''); orchard empty tree encoded '000000' (zebra: ''),OK,pass,sapling empty tree encoded '000000' (zebra: ''); orchard empty tree encoded '000000' (zebra: ''),OK,pass,sapling empty tree encoded '000000' (zebra: ''); orchard empty tree encoded '000000' (zebra: ''),OK,pass,sapling empty tree encoded '000000' (zebra: ''); orchard empty tree encoded '000000' (zebra: '')
GetBlock,height=280000,"differs: zaino-0.10.1,ztreamer-master,ztreamer-v0.1.0 | zaino-0.9.0",OK,pass,0 of 1 txs compact,OK,pass,1 of 1 txs compact,OK,pass,0 of 1 txs compact,OK,pass,0 of 1 txs compact
GetBlockNullifiers,height=280000,"differs: zaino-0.10.1,ztreamer-master,ztreamer-v0.1.0 | zaino-0.9.0",OK,,,OK,,,OK,,,OK,,
GetTreeState,height=280000,identical,OK,pass,orchard empty tree encoded '000000' (zebra: ''),OK,pass,orchard empty tree encoded '000000' (zebra: ''),OK,pass,orchard empty tree encoded '000000' (zebra: ''),OK,pass,orchard empty tree encoded '000000' (zebra: '')
GetBlock,height=280001,"differs: zaino-0.10.1,ztreamer-master,ztreamer-v0.1.0 | zaino-0.9.0",OK,pass,0 of 1 txs compact,OK,pass,1 of 1 txs compact,OK,pass,0 of 1 txs compact,OK,pass,0 of 1 txs compact
GetBlockNullifiers,height=280001,"differs: zaino-0.10.1,ztreamer-master,ztreamer-v0.1.0 | zaino-0.9.0",OK,,,OK,,,OK,,,OK,,
GetTreeState,height=280001,identical,OK,pass,orchard empty tree encoded '000000' (zebra: ''),OK,pass,orchard empty tree encoded '000000' (zebra: ''),OK,pass,orchard empty tree encoded '000000' (zebra: ''),OK,pass,orchard empty tree encoded '000000' (zebra: '')
GetBlock,height=350494,"differs: zaino-0.10.1,ztreamer-master,ztreamer-v0.1.0 | zaino-0.9.0",OK,pass,0 of 1 txs compact,OK,pass,1 of 1 txs compact,OK,pass,0 of 1 txs compact,OK,pass,0 of 1 txs compact
GetBlockNullifiers,height=350494,"differs: zaino-0.10.1,ztreamer-master,ztreamer-v0.1.0 | zaino-0.9.0",OK,,,OK,,,OK,,,OK,,
GetTreeState,height=350494,identical,OK,pass,orchard empty tree encoded '000000' (zebra: ''),OK,pass,orchard empty tree encoded '000000' (zebra: ''),OK,pass,orchard empty tree encoded '000000' (zebra: ''),OK,pass,orchard empty tree encoded '000000' (zebra: '')
GetBlock,height=583999,"differs: zaino-0.10.1,ztreamer-master,ztreamer-v0.1.0 | zaino-0.9.0",OK,pass,0 of 1 txs compact,OK,pass,1 of 1 txs compact,OK,pass,0 of 1 txs compact,OK,pass,0 of 1 txs compact
GetBlockNullifiers,height=583999,"differs: zaino-0.10.1,ztreamer-master,ztreamer-v0.1.0 | zaino-0.9.0",OK,,,OK,,,OK,,,OK,,
GetTreeState,height=583999,identical,OK,pass,orchard empty tree encoded '000000' (zebra: ''),OK,pass,orchard empty tree encoded '000000' (zebra: ''),OK,pass,orchard empty tree encoded '000000' (zebra: ''),OK,pass,orchard empty tree encoded '000000' (zebra: '')
GetBlock,height=584000,"differs: zaino-0.10.1,ztreamer-master,ztreamer-v0.1.0 | zaino-0.9.0",OK,pass,0 of 1 txs compact,OK,pass,1 of 1 txs compact,OK,pass,0 of 1 txs compact,OK,pass,0 of 1 txs compact
GetBlockNullifiers,height=584000,"differs: zaino-0.10.1,ztreamer-master,ztreamer-v0.1.0 | zaino-0.9.0",OK,,,OK,,,OK,,,OK,,
GetTreeState,height=584000,identical,OK,pass,orchard empty tree encoded '000000' (zebra: ''),OK,pass,orchard empty tree encoded '000000' (zebra: ''),OK,pass,orchard empty tree encoded '000000' (zebra: ''),OK,pass,orchard empty tree encoded '000000' (zebra: '')
GetBlock,height=584001,"differs: zaino-0.10.1,ztreamer-master,ztreamer-v0.1.0 | zaino-0.9.0",OK,pass,0 of 1 txs compact,OK,pass,1 of 1 txs compact,OK,pass,0 of 1 txs compact,OK,pass,0 of 1 txs compact
GetBlockNullifiers,height=584001,"differs: zaino-0.10.1,ztreamer-master,ztreamer-v0.1.0 | zaino-0.9.0",OK,,,OK,,,OK,,,OK,,
GetTreeState,height=584001,identical,OK,pass,orchard empty tree encoded '000000' (zebra: ''),OK,pass,orchard empty tree encoded '000000' (zebra: ''),OK,pass,orchard empty tree encoded '000000' (zebra: ''),OK,pass,orchard empty tree encoded '000000' (zebra: '')
GetBlock,height=723451,"differs: zaino-0.10.1,ztreamer-master,ztreamer-v0.1.0 | zaino-0.9.0",OK,pass,0 of 1 txs compact,OK,pass,1 of 1 txs compact,OK,pass,0 of 1 txs compact,OK,pass,0 of 1 txs compact
GetBlockNullifiers,height=723451,"differs: zaino-0.10.1,ztreamer-master,ztreamer-v0.1.0 | zaino-0.9.0",OK,,,OK,,,OK,,,OK,,
GetTreeState,height=723451,identical,OK,pass,orchard empty tree encoded '000000' (zebra: ''),OK,pass,orchard empty tree encoded '000000' (zebra: ''),OK,pass,orchard empty tree encoded '000000' (zebra: ''),OK,pass,orchard empty tree encoded '000000' (zebra: '')
GetBlock,height=843371,"differs: zaino-0.10.1,ztreamer-master,ztreamer-v0.1.0 | zaino-0.9.0",OK,pass,0 of 1 txs compact,OK,pass,1 of 1 txs compact,OK,pass,0 of 1 txs compact,OK,pass,0 of 1 txs compact
GetBlockNullifiers,height=843371,"differs: zaino-0.10.1,ztreamer-master,ztreamer-v0.1.0 | zaino-0.9.0",OK,,,OK,,,OK,,,OK,,
GetTreeState,height=843371,identical,OK,pass,orchard empty tree encoded '000000' (zebra: ''),OK,pass,orchard empty tree encoded '000000' (zebra: ''),OK,pass,orchard empty tree encoded '000000' (zebra: ''),OK,pass,orchard empty tree encoded '000000' (zebra: '')
GetBlock,height=874772,"differs: zaino-0.10.1,ztreamer-master,ztreamer-v0.1.0 | zaino-0.9.0",OK,pass,0 of 1 txs compact,OK,pass,1 of 1 txs compact,OK,pass,0 of 1 txs compact,OK,pass,0 of 1 txs compact
GetBlockNullifiers,height=874772,"differs: zaino-0.10.1,ztreamer-master,ztreamer-v0.1.0 | zaino-0.9.0",OK,,,OK,,,OK,,,OK,,
GetTreeState,height=874772,identical,OK,pass,orchard empty tree encoded '000000' (zebra: ''),OK,pass,orchard empty tree encoded '000000' (zebra: ''),OK,pass,orchard empty tree encoded '000000' (zebra: ''),OK,pass,orchard empty tree encoded '000000' (zebra: '')
GetBlock,height=896900,"differs: zaino-0.10.1,ztreamer-master,ztreamer-v0.1.0 | zaino-0.9.0",OK,pass,0 of 1 txs compact,OK,pass,1 of 1 txs compact,OK,pass,0 of 1 txs compact,OK,pass,0 of 1 txs compact
GetBlockNullifiers,height=896900,"differs: zaino-0.10.1,ztreamer-master,ztreamer-v0.1.0 | zaino-0.9.0",OK,,,OK,,,OK,,,OK,,
GetTreeState,height=896900,identical,OK,pass,orchard empty tree encoded '000000' (zebra: ''),OK,pass,orchard empty tree encoded '000000' (zebra: ''),OK,pass,orchard empty tree encoded '000000' (zebra: ''),OK,pass,orchard empty tree encoded '000000' (zebra: '')
GetBlock,height=903799,"differs: zaino-0.10.1,ztreamer-master,ztreamer-v0.1.0 | zaino-0.9.0",OK,pass,0 of 1 txs compact,OK,pass,1 of 1 txs compact,OK,pass,0 of 1 txs compact,OK,pass,0 of 1 txs compact
GetBlockNullifiers,height=903799,"differs: zaino-0.10.1,ztreamer-master,ztreamer-v0.1.0 | zaino-0.9.0",OK,,,OK,,,OK,,,OK,,
GetTreeState,height=903799,identical,OK,pass,orchard empty tree encoded '000000' (zebra: ''),OK,pass,orchard empty tree encoded '000000' (zebra: ''),OK,pass,orchard empty tree encoded '000000' (zebra: ''),OK,pass,orchard empty tree encoded '000000' (zebra: '')
GetBlock,height=903800,"differs: zaino-0.10.1,ztreamer-master,ztreamer-v0.1.0 | zaino-0.9.0",OK,pass,0 of 1 txs compact,OK,pass,1 of 1 txs compact,OK,pass,0 of 1 txs compact,OK,pass,0 of 1 txs compact
GetBlockNullifiers,height=903800,"differs: zaino-0.10.1,ztreamer-master,ztreamer-v0.1.0 | zaino-0.9.0",OK,,,OK,,,OK,,,OK,,
GetTreeState,height=903800,identical,OK,pass,orchard empty tree encoded '000000' (zebra: ''),OK,pass,orchard empty tree encoded '000000' (zebra: ''),OK,pass,orchard empty tree encoded '000000' (zebra: ''),OK,pass,orchard empty tree encoded '000000' (zebra: '')
GetBlock,height=903801,"differs: zaino-0.10.1,ztreamer-master,ztreamer-v0.1.0 | zaino-0.9.0",OK,pass,0 of 1 txs compact,OK,pass,1 of 1 txs compact,OK,pass,0 of 1 txs compact,OK,pass,0 of 1 txs compact
GetBlockNullifiers,height=903801,"differs: zaino-0.10.1,ztreamer-master,ztreamer-v0.1.0 | zaino-0.9.0",OK,,,OK,,,OK,,,OK,,
GetTreeState,height=903801,identical,OK,pass,orchard empty tree encoded '000000' (zebra: ''),OK,pass,orchard empty tree encoded '000000' (zebra: ''),OK,pass,orchard empty tree encoded '000000' (zebra: ''),OK,pass,orchard empty tree encoded '000000' (zebra: '')
GetBlock,height=984098,"differs: zaino-0.10.1,ztreamer-master,ztreamer-v0.1.0 | zaino-0.9.0",OK,pass,0 of 1 txs compact,OK,pass,1 of 1 txs compact,OK,pass,0 of 1 txs compact,OK,pass,0 of 1 txs compact
GetBlockNullifiers,height=984098,"differs: zaino-0.10.1,ztreamer-master,ztreamer-v0.1.0 | zaino-0.9.0",OK,,,OK,,,OK,,,OK,,
GetTreeState,height=984098,identical,OK,pass,orchard empty tree encoded '000000' (zebra: ''),OK,pass,orchard empty tree encoded '000000' (zebra: ''),OK,pass,orchard empty tree encoded '000000' (zebra: ''),OK,pass,orchard empty tree encoded '000000' (zebra: '')
GetBlock,height=1001845,"differs: zaino-0.10.1,ztreamer-master,ztreamer-v0.1.0 | zaino-0.9.0",OK,pass,0 of 1 txs compact,OK,pass,1 of 1 txs compact,OK,pass,0 of 1 txs compact,OK,pass,0 of 1 txs compact
GetBlockNullifiers,height=1001845,"differs: zaino-0.10.1,ztreamer-master,ztreamer-v0.1.0 | zaino-0.9.0",OK,,,OK,,,OK,,,OK,,
GetTreeState,height=1001845,identical,OK,pass,orchard empty tree encoded '000000' (zebra: ''),OK,pass,orchard empty tree encoded '000000' (zebra: ''),OK,pass,orchard empty tree encoded '000000' (zebra: ''),OK,pass,orchard empty tree encoded '000000' (zebra: '')
GetBlock,height=1028499,"differs: zaino-0.10.1,ztreamer-master,ztreamer-v0.1.0 | zaino-0.9.0",OK,pass,0 of 1 txs compact,OK,pass,1 of 1 txs compact,OK,pass,0 of 1 txs compact,OK,pass,0 of 1 txs compact
GetBlockNullifiers,height=1028499,"differs: zaino-0.10.1,ztreamer-master,ztreamer-v0.1.0 | zaino-0.9.0",OK,,,OK,,,OK,,,OK,,
GetTreeState,height=1028499,identical,OK,pass,orchard empty tree encoded '000000' (zebra: ''),OK,pass,orchard empty tree encoded '000000' (zebra: ''),OK,pass,orchard empty tree encoded '000000' (zebra: ''),OK,pass,orchard empty tree encoded '000000' (zebra: '')
GetBlock,height=1028500,"differs: zaino-0.10.1,ztreamer-master,ztreamer-v0.1.0 | zaino-0.9.0",OK,pass,0 of 1 txs compact,OK,pass,1 of 1 txs compact,OK,pass,0 of 1 txs compact,OK,pass,0 of 1 txs compact
GetBlockNullifiers,height=1028500,"differs: zaino-0.10.1,ztreamer-master,ztreamer-v0.1.0 | zaino-0.9.0",OK,,,OK,,,OK,,,OK,,
GetTreeState,height=1028500,identical,OK,pass,orchard empty tree encoded '000000' (zebra: ''),OK,pass,orchard empty tree encoded '000000' (zebra: ''),OK,pass,orchard empty tree encoded '000000' (zebra: ''),OK,pass,orchard empty tree encoded '000000' (zebra: '')
GetBlock,height=1028501,"differs: zaino-0.10.1,ztreamer-master,ztreamer-v0.1.0 | zaino-0.9.0",OK,pass,0 of 1 txs compact,OK,pass,1 of 1 txs compact,OK,pass,0 of 1 txs compact,OK,pass,0 of 1 txs compact
GetBlockNullifiers,height=1028501,"differs: zaino-0.10.1,ztreamer-master,ztreamer-v0.1.0 | zaino-0.9.0",OK,,,OK,,,OK,,,OK,,
GetTreeState,height=1028501,identical,OK,pass,orchard empty tree encoded '000000' (zebra: ''),OK,pass,orchard empty tree encoded '000000' (zebra: ''),OK,pass,orchard empty tree encoded '000000' (zebra: ''),OK,pass,orchard empty tree encoded '000000' (zebra: '')
GetBlock,height=1092515,"differs: zaino-0.10.1,ztreamer-master,ztreamer-v0.1.0 | zaino-0.9.0",OK,pass,1 of 1 txs compact,OK,pass,1 of 1 txs compact,OK,pass,1 of 1 txs compact,OK,pass,1 of 1 txs compact
GetBlockNullifiers,height=1092515,identical,OK,,,OK,,,OK,,,OK,,
GetTreeState,height=1092515,identical,OK,pass,orchard empty tree encoded '000000' (zebra: ''),OK,pass,orchard empty tree encoded '000000' (zebra: ''),OK,pass,orchard empty tree encoded '000000' (zebra: ''),OK,pass,orchard empty tree encoded '000000' (zebra: '')
GetBlock,height=1430953,"differs: zaino-0.10.1,ztreamer-master,ztreamer-v0.1.0 | zaino-0.9.0",OK,pass,0 of 1 txs compact,OK,pass,1 of 1 txs compact,OK,pass,0 of 1 txs compact,OK,pass,0 of 1 txs compact
GetBlockNullifiers,height=1430953,"differs: zaino-0.10.1,ztreamer-master,ztreamer-v0.1.0 | zaino-0.9.0",OK,,,OK,,,OK,,,OK,,
GetTreeState,height=1430953,identical,OK,pass,orchard empty tree encoded '000000' (zebra: ''),OK,pass,orchard empty tree encoded '000000' (zebra: ''),OK,pass,orchard empty tree encoded '000000' (zebra: ''),OK,pass,orchard empty tree encoded '000000' (zebra: '')
GetBlock,height=1509923,"differs: zaino-0.10.1,ztreamer-master,ztreamer-v0.1.0 | zaino-0.9.0",OK,pass,0 of 1 txs compact,OK,pass,1 of 1 txs compact,OK,pass,0 of 1 txs compact,OK,pass,0 of 1 txs compact
GetBlockNullifiers,height=1509923,"differs: zaino-0.10.1,ztreamer-master,ztreamer-v0.1.0 | zaino-0.9.0",OK,,,OK,,,OK,,,OK,,
GetTreeState,height=1509923,identical,OK,pass,orchard empty tree encoded '000000' (zebra: ''),OK,pass,orchard empty tree encoded '000000' (zebra: ''),OK,pass,orchard empty tree encoded '000000' (zebra: ''),OK,pass,orchard empty tree encoded '000000' (zebra: '')
GetBlock,height=1570287,"differs: zaino-0.10.1,ztreamer-master,ztreamer-v0.1.0 | zaino-0.9.0",OK,pass,0 of 1 txs compact,OK,pass,1 of 1 txs compact,OK,pass,0 of 1 txs compact,OK,pass,0 of 1 txs compact
GetBlockNullifiers,height=1570287,"differs: zaino-0.10.1,ztreamer-master,ztreamer-v0.1.0 | zaino-0.9.0",OK,,,OK,,,OK,,,OK,,
GetTreeState,height=1570287,identical,OK,pass,orchard empty tree encoded '000000' (zebra: ''),OK,pass,orchard empty tree encoded '000000' (zebra: ''),OK,pass,orchard empty tree encoded '000000' (zebra: ''),OK,pass,orchard empty tree encoded '000000' (zebra: '')
GetBlock,height=1589366,"differs: zaino-0.10.1,ztreamer-master,ztreamer-v0.1.0 | zaino-0.9.0",OK,pass,0 of 1 txs compact,OK,pass,1 of 1 txs compact,OK,pass,0 of 1 txs compact,OK,pass,0 of 1 txs compact
GetBlockNullifiers,height=1589366,"differs: zaino-0.10.1,ztreamer-master,ztreamer-v0.1.0 | zaino-0.9.0",OK,,,OK,,,OK,,,OK,,
GetTreeState,height=1589366,identical,OK,pass,orchard empty tree encoded '000000' (zebra: ''),OK,pass,orchard empty tree encoded '000000' (zebra: ''),OK,pass,orchard empty tree encoded '000000' (zebra: ''),OK,pass,orchard empty tree encoded '000000' (zebra: '')
GetBlock,height=1617199,"differs: zaino-0.10.1,ztreamer-master,ztreamer-v0.1.0 | zaino-0.9.0",OK,pass,0 of 1 txs compact,OK,pass,1 of 1 txs compact,OK,pass,0 of 1 txs compact,OK,pass,0 of 1 txs compact
GetBlockNullifiers,height=1617199,"differs: zaino-0.10.1,ztreamer-master,ztreamer-v0.1.0 | zaino-0.9.0",OK,,,OK,,,OK,,,OK,,
GetTreeState,height=1617199,identical,OK,pass,orchard empty tree encoded '000000' (zebra: ''),OK,pass,orchard empty tree encoded '000000' (zebra: ''),OK,pass,orchard empty tree encoded '000000' (zebra: ''),OK,pass,orchard empty tree encoded '000000' (zebra: '')
GetBlock,height=1650676,"differs: zaino-0.10.1,ztreamer-master,ztreamer-v0.1.0 | zaino-0.9.0",OK,pass,0 of 1 txs compact,OK,pass,1 of 1 txs compact,OK,pass,0 of 1 txs compact,OK,pass,0 of 1 txs compact
GetBlockNullifiers,height=1650676,"differs: zaino-0.10.1,ztreamer-master,ztreamer-v0.1.0 | zaino-0.9.0",OK,,,OK,,,OK,,,OK,,
GetTreeState,height=1650676,identical,OK,pass,orchard empty tree encoded '000000' (zebra: ''),OK,pass,orchard empty tree encoded '000000' (zebra: ''),OK,pass,orchard empty tree encoded '000000' (zebra: ''),OK,pass,orchard empty tree encoded '000000' (zebra: '')
GetBlock,height=1668200,"differs: zaino-0.10.1,ztreamer-master,ztreamer-v0.1.0 | zaino-0.9.0",OK,pass,0 of 1 txs compact,OK,pass,1 of 1 txs compact,OK,pass,0 of 1 txs compact,OK,pass,0 of 1 txs compact
GetBlockNullifiers,height=1668200,"differs: zaino-0.10.1,ztreamer-master,ztreamer-v0.1.0 | zaino-0.9.0",OK,,,OK,,,OK,,,OK,,
GetTreeState,height=1668200,identical,OK,pass,orchard empty tree encoded '000000' (zebra: ''),OK,pass,orchard empty tree encoded '000000' (zebra: ''),OK,pass,orchard empty tree encoded '000000' (zebra: ''),OK,pass,orchard empty tree encoded '000000' (zebra: '')
GetBlock,height=1686066,"differs: zaino-0.10.1,ztreamer-master,ztreamer-v0.1.0 | zaino-0.9.0",OK,pass,0 of 1 txs compact,OK,pass,1 of 1 txs compact,OK,pass,0 of 1 txs compact,OK,pass,0 of 1 txs compact
GetBlockNullifiers,height=1686066,"differs: zaino-0.10.1,ztreamer-master,ztreamer-v0.1.0 | zaino-0.9.0",OK,,,OK,,,OK,,,OK,,
GetTreeState,height=1686066,identical,OK,pass,orchard empty tree encoded '000000' (zebra: ''),OK,pass,orchard empty tree encoded '000000' (zebra: ''),OK,pass,orchard empty tree encoded '000000' (zebra: ''),OK,pass,orchard empty tree encoded '000000' (zebra: '')
GetBlock,height=1769442,"differs: zaino-0.10.1,ztreamer-master,ztreamer-v0.1.0 | zaino-0.9.0",OK,pass,0 of 1 txs compact,OK,pass,1 of 1 txs compact,OK,pass,0 of 1 txs compact,OK,pass,0 of 1 txs compact
GetBlockNullifiers,height=1769442,"differs: zaino-0.10.1,ztreamer-master,ztreamer-v0.1.0 | zaino-0.9.0",OK,,,OK,,,OK,,,OK,,
GetTreeState,height=1769442,identical,OK,pass,orchard empty tree encoded '000000' (zebra: ''),OK,pass,orchard empty tree encoded '000000' (zebra: ''),OK,pass,orchard empty tree encoded '000000' (zebra: ''),OK,pass,orchard empty tree encoded '000000' (zebra: '')
GetBlock,height=1842419,"differs: zaino-0.10.1,ztreamer-master,ztreamer-v0.1.0 | zaino-0.9.0",OK,pass,0 of 1 txs compact,OK,pass,1 of 1 txs compact,OK,pass,0 of 1 txs compact,OK,pass,0 of 1 txs compact
GetBlockNullifiers,height=1842419,"differs: zaino-0.10.1,ztreamer-master,ztreamer-v0.1.0 | zaino-0.9.0",OK,,,OK,,,OK,,,OK,,
GetTreeState,height=1842419,identical,OK,pass,orchard empty tree encoded '000000' (zebra: ''),OK,pass,orchard empty tree encoded '000000' (zebra: ''),OK,pass,orchard empty tree encoded '000000' (zebra: ''),OK,pass,orchard empty tree encoded '000000' (zebra: '')
GetBlock,height=1842420,"differs: zaino-0.10.1,ztreamer-master,ztreamer-v0.1.0 | zaino-0.9.0",OK,pass,0 of 1 txs compact,OK,pass,1 of 1 txs compact,OK,pass,0 of 1 txs compact,OK,pass,0 of 1 txs compact
GetBlockNullifiers,height=1842420,"differs: zaino-0.10.1,ztreamer-master,ztreamer-v0.1.0 | zaino-0.9.0",OK,,,OK,,,OK,,,OK,,
GetTreeState,height=1842420,identical,OK,pass,matches z_gettreestate,OK,pass,matches z_gettreestate,OK,pass,matches z_gettreestate,OK,pass,matches z_gettreestate
GetBlock,height=1842421,"differs: zaino-0.10.1,ztreamer-master,ztreamer-v0.1.0 | zaino-0.9.0",OK,pass,1 of 2 txs compact,OK,pass,2 of 2 txs compact,OK,pass,1 of 2 txs compact,OK,pass,1 of 2 txs compact
GetBlockNullifiers,height=1842421,"differs: zaino-0.10.1,ztreamer-master,ztreamer-v0.1.0 | zaino-0.9.0",OK,,,OK,,,OK,,,OK,,
GetTreeState,height=1842421,identical,OK,pass,matches z_gettreestate,OK,pass,matches z_gettreestate,OK,pass,matches z_gettreestate,OK,pass,matches z_gettreestate
GetBlock,height=2108826,"differs: zaino-0.10.1,ztreamer-master,ztreamer-v0.1.0 | zaino-0.9.0",OK,pass,0 of 1 txs compact,OK,pass,1 of 1 txs compact,OK,pass,0 of 1 txs compact,OK,pass,0 of 1 txs compact
GetBlockNullifiers,height=2108826,"differs: zaino-0.10.1,ztreamer-master,ztreamer-v0.1.0 | zaino-0.9.0",OK,,,OK,,,OK,,,OK,,
GetTreeState,height=2108826,identical,OK,pass,matches z_gettreestate,OK,pass,matches z_gettreestate,OK,pass,matches z_gettreestate,OK,pass,matches z_gettreestate
GetBlock,height=2200289,"differs: zaino-0.10.1,ztreamer-master,ztreamer-v0.1.0 | zaino-0.9.0",OK,pass,0 of 1 txs compact,OK,pass,1 of 1 txs compact,OK,pass,0 of 1 txs compact,OK,pass,0 of 1 txs compact
GetBlockNullifiers,height=2200289,"differs: zaino-0.10.1,ztreamer-master,ztreamer-v0.1.0 | zaino-0.9.0",OK,,,OK,,,OK,,,OK,,
GetTreeState,height=2200289,identical,OK,pass,matches z_gettreestate,OK,pass,matches z_gettreestate,OK,pass,matches z_gettreestate,OK,pass,matches z_gettreestate
GetBlock,height=2208164,"differs: zaino-0.10.1,ztreamer-master,ztreamer-v0.1.0 | zaino-0.9.0",OK,pass,0 of 1 txs compact,OK,pass,1 of 1 txs compact,OK,pass,0 of 1 txs compact,OK,pass,0 of 1 txs compact
GetBlockNullifiers,height=2208164,"differs: zaino-0.10.1,ztreamer-master,ztreamer-v0.1.0 | zaino-0.9.0",OK,,,OK,,,OK,,,OK,,
GetTreeState,height=2208164,identical,OK,pass,matches z_gettreestate,OK,pass,matches z_gettreestate,OK,pass,matches z_gettreestate,OK,pass,matches z_gettreestate
GetBlock,height=2223078,"differs: zaino-0.10.1,ztreamer-master,ztreamer-v0.1.0 | zaino-0.9.0",OK,pass,0 of 1 txs compact,OK,pass,1 of 1 txs compact,OK,pass,0 of 1 txs compact,OK,pass,0 of 1 txs compact
GetBlockNullifiers,height=2223078,"differs: zaino-0.10.1,ztreamer-master,ztreamer-v0.1.0 | zaino-0.9.0",OK,,,OK,,,OK,,,OK,,
GetTreeState,height=2223078,identical,OK,pass,matches z_gettreestate,OK,pass,matches z_gettreestate,OK,pass,matches z_gettreestate,OK,pass,matches z_gettreestate
GetBlock,height=2389415,"differs: zaino-0.10.1,ztreamer-master,ztreamer-v0.1.0 | zaino-0.9.0",OK,pass,0 of 1 txs compact,OK,pass,1 of 1 txs compact,OK,pass,0 of 1 txs compact,OK,pass,0 of 1 txs compact
GetBlockNullifiers,height=2389415,"differs: zaino-0.10.1,ztreamer-master,ztreamer-v0.1.0 | zaino-0.9.0",OK,,,OK,,,OK,,,OK,,
GetTreeState,height=2389415,identical,OK,pass,matches z_gettreestate,OK,pass,matches z_gettreestate,OK,pass,matches z_gettreestate,OK,pass,matches z_gettreestate
GetBlock,height=2901405,"differs: zaino-0.10.1,ztreamer-master,ztreamer-v0.1.0 | zaino-0.9.0",OK,pass,0 of 1 txs compact,OK,pass,1 of 1 txs compact,OK,pass,0 of 1 txs compact,OK,pass,0 of 1 txs compact
GetBlockNullifiers,height=2901405,"differs: zaino-0.10.1,ztreamer-master,ztreamer-v0.1.0 | zaino-0.9.0",OK,,,OK,,,OK,,,OK,,
GetTreeState,height=2901405,identical,OK,pass,matches z_gettreestate,OK,pass,matches z_gettreestate,OK,pass,matches z_gettreestate,OK,pass,matches z_gettreestate
GetBlock,height=2906382,"differs: zaino-0.10.1,ztreamer-master,ztreamer-v0.1.0 | zaino-0.9.0",OK,pass,0 of 1 txs compact,OK,pass,1 of 1 txs compact,OK,pass,0 of 1 txs compact,OK,pass,0 of 1 txs compact
GetBlockNullifiers,height=2906382,"differs: zaino-0.10.1,ztreamer-master,ztreamer-v0.1.0 | zaino-0.9.0",OK,,,OK,,,OK,,,OK,,
GetTreeState,height=2906382,identical,OK,pass,matches z_gettreestate,OK,pass,matches z_gettreestate,OK,pass,matches z_gettreestate,OK,pass,matches z_gettreestate
GetBlock,height=2975999,"differs: zaino-0.10.1,ztreamer-master,ztreamer-v0.1.0 | zaino-0.9.0",OK,pass,0 of 1 txs compact,OK,pass,1 of 1 txs compact,OK,pass,0 of 1 txs compact,OK,pass,0 of 1 txs compact
GetBlockNullifiers,height=2975999,"differs: zaino-0.10.1,ztreamer-master,ztreamer-v0.1.0 | zaino-0.9.0",OK,,,OK,,,OK,,,OK,,
GetTreeState,height=2975999,identical,OK,pass,matches z_gettreestate,OK,pass,matches z_gettreestate,OK,pass,matches z_gettreestate,OK,pass,matches z_gettreestate
GetBlock,height=2976000,"differs: zaino-0.10.1,ztreamer-master,ztreamer-v0.1.0 | zaino-0.9.0",OK,pass,0 of 1 txs compact,OK,pass,1 of 1 txs compact,OK,pass,0 of 1 txs compact,OK,pass,0 of 1 txs compact
GetBlockNullifiers,height=2976000,"differs: zaino-0.10.1,ztreamer-master,ztreamer-v0.1.0 | zaino-0.9.0",OK,,,OK,,,OK,,,OK,,
GetTreeState,height=2976000,identical,OK,pass,matches z_gettreestate,OK,pass,matches z_gettreestate,OK,pass,matches z_gettreestate,OK,pass,matches z_gettreestate
GetBlock,height=2976001,"differs: zaino-0.10.1,ztreamer-master,ztreamer-v0.1.0 | zaino-0.9.0",OK,pass,0 of 1 txs compact,OK,pass,1 of 1 txs compact,OK,pass,0 of 1 txs compact,OK,pass,0 of 1 txs compact
GetBlockNullifiers,height=2976001,"differs: zaino-0.10.1,ztreamer-master,ztreamer-v0.1.0 | zaino-0.9.0",OK,,,OK,,,OK,,,OK,,
GetTreeState,height=2976001,identical,OK,pass,matches z_gettreestate,OK,pass,matches z_gettreestate,OK,pass,matches z_gettreestate,OK,pass,matches z_gettreestate
GetBlock,height=2990864,"differs: zaino-0.10.1,ztreamer-master,ztreamer-v0.1.0 | zaino-0.9.0",OK,pass,0 of 1 txs compact,OK,pass,1 of 1 txs compact,OK,pass,0 of 1 txs compact,OK,pass,0 of 1 txs compact
GetBlockNullifiers,height=2990864,"differs: zaino-0.10.1,ztreamer-master,ztreamer-v0.1.0 | zaino-0.9.0",OK,,,OK,,,OK,,,OK,,
GetTreeState,height=2990864,identical,OK,pass,matches z_gettreestate,OK,pass,matches z_gettreestate,OK,pass,matches z_gettreestate,OK,pass,matches z_gettreestate
GetBlock,height=3001713,"differs: zaino-0.10.1,ztreamer-master,ztreamer-v0.1.0 | zaino-0.9.0",OK,pass,0 of 1 txs compact,OK,pass,1 of 1 txs compact,OK,pass,0 of 1 txs compact,OK,pass,0 of 1 txs compact
GetBlockNullifiers,height=3001713,"differs: zaino-0.10.1,ztreamer-master,ztreamer-v0.1.0 | zaino-0.9.0",OK,,,OK,,,OK,,,OK,,
GetTreeState,height=3001713,identical,OK,pass,matches z_gettreestate,OK,pass,matches z_gettreestate,OK,pass,matches z_gettreestate,OK,pass,matches z_gettreestate
GetBlock,height=3135279,"differs: zaino-0.10.1,ztreamer-master,ztreamer-v0.1.0 | zaino-0.9.0",OK,pass,0 of 1 txs compact,OK,pass,1 of 1 txs compact,OK,pass,0 of 1 txs compact,OK,pass,0 of 1 txs compact
GetBlockNullifiers,height=3135279,"differs: zaino-0.10.1,ztreamer-master,ztreamer-v0.1.0 | zaino-0.9.0",OK,,,OK,,,OK,,,OK,,
GetTreeState,height=3135279,identical,OK,pass,matches z_gettreestate,OK,pass,matches z_gettreestate,OK,pass,matches z_gettreestate,OK,pass,matches z_gettreestate
GetBlock,height=3256693,"differs: zaino-0.10.1,ztreamer-master,ztreamer-v0.1.0 | zaino-0.9.0",OK,pass,0 of 1 txs compact,OK,pass,1 of 1 txs compact,OK,pass,0 of 1 txs compact,OK,pass,0 of 1 txs compact
GetBlockNullifiers,height=3256693,"differs: zaino-0.10.1,ztreamer-master,ztreamer-v0.1.0 | zaino-0.9.0",OK,,,OK,,,OK,,,OK,,
GetTreeState,height=3256693,identical,OK,pass,matches z_gettreestate,OK,pass,matches z_gettreestate,OK,pass,matches z_gettreestate,OK,pass,matches z_gettreestate
GetBlock,height=3317406,"differs: zaino-0.10.1,ztreamer-master,ztreamer-v0.1.0 | zaino-0.9.0",OK,pass,1 of 1 txs compact,OK,pass,1 of 1 txs compact,OK,pass,1 of 1 txs compact,OK,pass,1 of 1 txs compact
GetBlockNullifiers,height=3317406,identical,OK,,,OK,,,OK,,,OK,,
GetTreeState,height=3317406,identical,OK,pass,matches z_gettreestate,OK,pass,matches z_gettreestate,OK,pass,matches z_gettreestate,OK,pass,matches z_gettreestate
GetBlock,height=3472373,"differs: zaino-0.10.1,ztreamer-master,ztreamer-v0.1.0 | zaino-0.9.0",OK,pass,0 of 1 txs compact,OK,pass,1 of 1 txs compact,OK,pass,0 of 1 txs compact,OK,pass,0 of 1 txs compact
GetBlockNullifiers,height=3472373,"differs: zaino-0.10.1,ztreamer-master,ztreamer-v0.1.0 | zaino-0.9.0",OK,,,OK,,,OK,,,OK,,
GetTreeState,height=3472373,identical,OK,pass,matches z_gettreestate,OK,pass,matches z_gettreestate,OK,pass,matches z_gettreestate,OK,pass,matches z_gettreestate
GetBlock,height=3536499,"differs: zaino-0.10.1,ztreamer-master,ztreamer-v0.1.0 | zaino-0.9.0",OK,pass,0 of 1 txs compact,OK,pass,1 of 1 txs compact,OK,pass,0 of 1 txs compact,OK,pass,0 of 1 txs compact
GetBlockNullifiers,height=3536499,"differs: zaino-0.10.1,ztreamer-master,ztreamer-v0.1.0 | zaino-0.9.0",OK,,,OK,,,OK,,,OK,,
GetTreeState,height=3536499,identical,OK,pass,matches z_gettreestate,OK,pass,matches z_gettreestate,OK,pass,matches z_gettreestate,OK,pass,matches z_gettreestate
GetBlock,height=3536500,"differs: zaino-0.10.1,ztreamer-master,ztreamer-v0.1.0 | zaino-0.9.0",OK,pass,0 of 1 txs compact,OK,pass,1 of 1 txs compact,OK,pass,0 of 1 txs compact,OK,pass,0 of 1 txs compact
GetBlockNullifiers,height=3536500,"differs: zaino-0.10.1,ztreamer-master,ztreamer-v0.1.0 | zaino-0.9.0",OK,,,OK,,,OK,,,OK,,
GetTreeState,height=3536500,identical,OK,pass,matches z_gettreestate,OK,pass,matches z_gettreestate,OK,pass,matches z_gettreestate,OK,pass,matches z_gettreestate
GetBlock,height=3536501,"differs: zaino-0.10.1,ztreamer-master,ztreamer-v0.1.0 | zaino-0.9.0",OK,pass,0 of 1 txs compact,OK,pass,1 of 1 txs compact,OK,pass,0 of 1 txs compact,OK,pass,0 of 1 txs compact
GetBlockNullifiers,height=3536501,"differs: zaino-0.10.1,ztreamer-master,ztreamer-v0.1.0 | zaino-0.9.0",OK,,,OK,,,OK,,,OK,,
GetTreeState,height=3536501,identical,OK,pass,matches z_gettreestate,OK,pass,matches z_gettreestate,OK,pass,matches z_gettreestate,OK,pass,matches z_gettreestate
GetBlock,height=3582373,"differs: zaino-0.10.1,ztreamer-master,ztreamer-v0.1.0 | zaino-0.9.0",OK,pass,1 of 1 txs compact,OK,pass,1 of 1 txs compact,OK,pass,1 of 1 txs compact,OK,pass,1 of 1 txs compact
GetBlockNullifiers,height=3582373,identical,OK,,,OK,,,OK,,,OK,,
GetTreeState,height=3582373,identical,OK,pass,matches z_gettreestate,OK,pass,matches z_gettreestate,OK,pass,matches z_gettreestate,OK,pass,matches z_gettreestate
GetBlock,height=3738392,"differs: zaino-0.10.1,ztreamer-master,ztreamer-v0.1.0 | zaino-0.9.0",OK,pass,0 of 1 txs compact,OK,pass,1 of 1 txs compact,OK,pass,0 of 1 txs compact,OK,pass,0 of 1 txs compact
GetBlockNullifiers,height=3738392,"differs: zaino-0.10.1,ztreamer-master,ztreamer-v0.1.0 | zaino-0.9.0",OK,,,OK,,,OK,,,OK,,
GetTreeState,height=3738392,identical,OK,pass,matches z_gettreestate,OK,pass,matches z_gettreestate,OK,pass,matches z_gettreestate,OK,pass,matches z_gettreestate
GetBlock,height=3803062,"differs: zaino-0.10.1,ztreamer-master,ztreamer-v0.1.0 | zaino-0.9.0",OK,pass,0 of 1 txs compact,OK,pass,1 of 1 txs compact,OK,pass,0 of 1 txs compact,OK,pass,0 of 1 txs compact
GetBlockNullifiers,height=3803062,"differs: zaino-0.10.1,ztreamer-master,ztreamer-v0.1.0 | zaino-0.9.0",OK,,,OK,,,OK,,,OK,,
GetTreeState,height=3803062,identical,OK,pass,matches z_gettreestate,OK,pass,matches z_gettreestate,OK,pass,matches z_gettreestate,OK,pass,matches z_gettreestate
GetBlock,height=3845282,"differs: zaino-0.10.1,ztreamer-master,ztreamer-v0.1.0 | zaino-0.9.0",OK,pass,0 of 1 txs compact,OK,pass,1 of 1 txs compact,OK,pass,0 of 1 txs compact,OK,pass,0 of 1 txs compact
GetBlockNullifiers,height=3845282,"differs: zaino-0.10.1,ztreamer-master,ztreamer-v0.1.0 | zaino-0.9.0",OK,,,OK,,,OK,,,OK,,
GetTreeState,height=3845282,identical,OK,pass,matches z_gettreestate,OK,pass,matches z_gettreestate,OK,pass,matches z_gettreestate,OK,pass,matches z_gettreestate
GetBlock,height=3885879,"differs: zaino-0.10.1,ztreamer-master,ztreamer-v0.1.0 | zaino-0.9.0",OK,pass,0 of 1 txs compact,OK,pass,1 of 1 txs compact,OK,pass,0 of 1 txs compact,OK,pass,0 of 1 txs compact
GetBlockNullifiers,height=3885879,"differs: zaino-0.10.1,ztreamer-master,ztreamer-v0.1.0 | zaino-0.9.0",OK,,,OK,,,OK,,,OK,,
GetTreeState,height=3885879,identical,OK,pass,matches z_gettreestate,OK,pass,matches z_gettreestate,OK,pass,matches z_gettreestate,OK,pass,matches z_gettreestate
GetBlock,height=4051999,"differs: zaino-0.10.1,ztreamer-master,ztreamer-v0.1.0 | zaino-0.9.0",OK,pass,0 of 1 txs compact,OK,pass,1 of 1 txs compact,OK,pass,0 of 1 txs compact,OK,pass,0 of 1 txs compact
GetBlockNullifiers,height=4051999,"differs: zaino-0.10.1,ztreamer-master,ztreamer-v0.1.0 | zaino-0.9.0",OK,,,OK,,,OK,,,OK,,
GetTreeState,height=4051999,identical,OK,pass,matches z_gettreestate,OK,pass,matches z_gettreestate,OK,pass,matches z_gettreestate,OK,pass,matches z_gettreestate
GetBlock,height=4052000,"differs: zaino-0.10.1,ztreamer-master,ztreamer-v0.1.0 | zaino-0.9.0",OK,pass,2 of 3 txs compact,OK,pass,3 of 3 txs compact,OK,pass,2 of 3 txs compact,OK,pass,2 of 3 txs compact
GetBlockNullifiers,height=4052000,"differs: zaino-0.10.1,ztreamer-master,ztreamer-v0.1.0 | zaino-0.9.0",OK,,,OK,,,OK,,,OK,,
GetTreeState,height=4052000,identical,OK,pass,matches z_gettreestate,OK,pass,matches z_gettreestate,OK,pass,matches z_gettreestate,OK,pass,matches z_gettreestate
GetBlock,height=4052001,"differs: zaino-0.10.1,ztreamer-master,ztreamer-v0.1.0 | zaino-0.9.0",OK,pass,0 of 1 txs compact,OK,pass,1 of 1 txs compact,OK,pass,0 of 1 txs compact,OK,pass,0 of 1 txs compact
GetBlockNullifiers,height=4052001,"differs: zaino-0.10.1,ztreamer-master,ztreamer-v0.1.0 | zaino-0.9.0",OK,,,OK,,,OK,,,OK,,
GetTreeState,height=4052001,identical,OK,pass,matches z_gettreestate,OK,pass,matches z_gettreestate,OK,pass,matches z_gettreestate,OK,pass,matches z_gettreestate
GetBlock,height=4069643,"differs: zaino-0.10.1,ztreamer-master,ztreamer-v0.1.0 | zaino-0.9.0",OK,pass,1 of 1 txs compact,OK,pass,1 of 1 txs compact,OK,pass,1 of 1 txs compact,OK,pass,1 of 1 txs compact
GetBlockNullifiers,height=4069643,identical,OK,,,OK,,,OK,,,OK,,
GetTreeState,height=4069643,identical,OK,pass,matches z_gettreestate,OK,pass,matches z_gettreestate,OK,pass,matches z_gettreestate,OK,pass,matches z_gettreestate
GetBlock,height=4114325,"differs: zaino-0.10.1,ztreamer-master,ztreamer-v0.1.0 | zaino-0.9.0",OK,pass,1 of 1 txs compact,OK,pass,1 of 1 txs compact,OK,pass,1 of 1 txs compact,OK,pass,1 of 1 txs compact
GetBlockNullifiers,height=4114325,identical,OK,,,OK,,,OK,,,OK,,
GetTreeState,height=4114325,identical,OK,pass,matches z_gettreestate,OK,pass,matches z_gettreestate,OK,pass,matches z_gettreestate,OK,pass,matches z_gettreestate
GetBlock,height=4133999,"differs: zaino-0.10.1,ztreamer-master,ztreamer-v0.1.0 | zaino-0.9.0",OK,pass,0 of 1 txs compact,OK,pass,1 of 1 txs compact,OK,pass,0 of 1 txs compact,OK,pass,0 of 1 txs compact
GetBlockNullifiers,height=4133999,"differs: zaino-0.10.1,ztreamer-master,ztreamer-v0.1.0 | zaino-0.9.0",OK,,,OK,,,OK,,,OK,,
GetTreeState,height=4133999,identical,OK,pass,matches z_gettreestate,OK,pass,matches z_gettreestate,OK,pass,matches z_gettreestate,OK,pass,matches z_gettreestate
GetBlock,height=4134000,"differs: zaino-0.10.1,ztreamer-master,ztreamer-v0.1.0 | zaino-0.9.0",OK,pass,0 of 1 txs compact,OK,pass,1 of 1 txs compact,OK,pass,0 of 1 txs compact,OK,pass,0 of 1 txs compact
GetBlockNullifiers,height=4134000,"differs: zaino-0.10.1,ztreamer-master,ztreamer-v0.1.0 | zaino-0.9.0",OK,,,OK,,,OK,,,OK,,
GetTreeState,height=4134000,identical,OK,pass,matches z_gettreestate,OK,pass,matches z_gettreestate,OK,pass,matches z_gettreestate,OK,pass,matches z_gettreestate
GetBlock,height=4134001,"differs: zaino-0.10.1,ztreamer-master,ztreamer-v0.1.0 | zaino-0.9.0",OK,pass,0 of 1 txs compact,OK,pass,1 of 1 txs compact,OK,pass,0 of 1 txs compact,OK,pass,0 of 1 txs compact
GetBlockNullifiers,height=4134001,"differs: zaino-0.10.1,ztreamer-master,ztreamer-v0.1.0 | zaino-0.9.0",OK,,,OK,,,OK,,,OK,,
GetTreeState,height=4134001,identical,OK,pass,matches z_gettreestate,OK,pass,matches z_gettreestate,OK,pass,matches z_gettreestate,OK,pass,matches z_gettreestate
GetBlock,height=4205892,"differs: zaino-0.10.1,ztreamer-master,ztreamer-v0.1.0 | zaino-0.9.0",OK,pass,0 of 1 txs compact,OK,pass,1 of 1 txs compact,OK,pass,0 of 1 txs compact,OK,pass,0 of 1 txs compact
GetBlockNullifiers,height=4205892,"differs: zaino-0.10.1,ztreamer-master,ztreamer-v0.1.0 | zaino-0.9.0",OK,,,OK,,,OK,,,OK,,
GetTreeState,height=4205892,identical,OK,pass,matches z_gettreestate,OK,pass,matches z_gettreestate,OK,pass,matches z_gettreestate,OK,pass,matches z_gettreestate
GetBlock,height=4225517,"differs: zaino-0.10.1,ztreamer-master,ztreamer-v0.1.0 | zaino-0.9.0",OK,pass,0 of 1 txs compact,OK,pass,1 of 1 txs compact,OK,pass,0 of 1 txs compact,OK,pass,0 of 1 txs compact
GetBlockNullifiers,height=4225517,"differs: zaino-0.10.1,ztreamer-master,ztreamer-v0.1.0 | zaino-0.9.0",OK,,,OK,,,OK,,,OK,,
GetTreeState,height=4225517,identical,OK,pass,matches z_gettreestate,OK,pass,matches z_gettreestate,OK,pass,matches z_gettreestate,OK,pass,matches z_gettreestate
GetBlock,height=4329097,"differs: zaino-0.10.1,ztreamer-master,ztreamer-v0.1.0 | zaino-0.9.0",OK,pass,0 of 1 txs compact,OK,pass,1 of 1 txs compact,OK,pass,0 of 1 txs compact,OK,pass,0 of 1 txs compact
GetBlockNullifiers,height=4329097,"differs: zaino-0.10.1,ztreamer-master,ztreamer-v0.1.0 | zaino-0.9.0",OK,,,OK,,,OK,,,OK,,
GetTreeState,height=4329097,identical,OK,pass,matches z_gettreestate,OK,pass,matches z_gettreestate,OK,pass,matches z_gettreestate,OK,pass,matches z_gettreestate
GetBlock,height=4382797,"differs: zaino-0.10.1,ztreamer-master,ztreamer-v0.1.0 | zaino-0.9.0",OK,pass,1 of 1 txs compact,OK,pass,1 of 1 txs compact,OK,pass,1 of 1 txs compact,OK,pass,1 of 1 txs compact
GetBlockNullifiers,height=4382797,identical,OK,,,OK,,,OK,,,OK,,
GetTreeState,height=4382797,identical,OK,pass,matches z_gettreestate,OK,pass,matches z_gettreestate,OK,pass,matches z_gettreestate,OK,pass,matches z_gettreestate
GetBlock,hash@350494,"differs: zaino-0.10.1,ztreamer-master,ztreamer-v0.1.0 | zaino-0.9.0",OK,pass,0 of 1 txs compact,OK,pass,1 of 1 txs compact,OK,pass,0 of 1 txs compact,OK,pass,0 of 1 txs compact
GetTreeState,hash@350494,identical,OK,pass,orchard empty tree encoded '000000' (zebra: ''),OK,pass,orchard empty tree encoded '000000' (zebra: ''),OK,pass,orchard empty tree encoded '000000' (zebra: ''),OK,pass,orchard empty tree encoded '000000' (zebra: '')
GetBlock,hash@723451,"differs: zaino-0.10.1,ztreamer-master,ztreamer-v0.1.0 | zaino-0.9.0",OK,pass,0 of 1 txs compact,OK,pass,1 of 1 txs compact,OK,pass,0 of 1 txs compact,OK,pass,0 of 1 txs compact
GetTreeState,hash@723451,identical,OK,pass,orchard empty tree encoded '000000' (zebra: ''),OK,pass,orchard empty tree encoded '000000' (zebra: ''),OK,pass,orchard empty tree encoded '000000' (zebra: ''),OK,pass,orchard empty tree encoded '000000' (zebra: '')
GetBlock,hash@843371,"differs: zaino-0.10.1,ztreamer-master,ztreamer-v0.1.0 | zaino-0.9.0",OK,pass,0 of 1 txs compact,OK,pass,1 of 1 txs compact,OK,pass,0 of 1 txs compact,OK,pass,0 of 1 txs compact
GetTreeState,hash@843371,identical,OK,pass,orchard empty tree encoded '000000' (zebra: ''),OK,pass,orchard empty tree encoded '000000' (zebra: ''),OK,pass,orchard empty tree encoded '000000' (zebra: ''),OK,pass,orchard empty tree encoded '000000' (zebra: '')
GetBlock,hash@874772,"differs: zaino-0.10.1,ztreamer-master,ztreamer-v0.1.0 | zaino-0.9.0",OK,pass,0 of 1 txs compact,OK,pass,1 of 1 txs compact,OK,pass,0 of 1 txs compact,OK,pass,0 of 1 txs compact
GetTreeState,hash@874772,identical,OK,pass,orchard empty tree encoded '000000' (zebra: ''),OK,pass,orchard empty tree encoded '000000' (zebra: ''),OK,pass,orchard empty tree encoded '000000' (zebra: ''),OK,pass,orchard empty tree encoded '000000' (zebra: '')
GetBlock,hash@896900,"differs: zaino-0.10.1,ztreamer-master,ztreamer-v0.1.0 | zaino-0.9.0",OK,pass,0 of 1 txs compact,OK,pass,1 of 1 txs compact,OK,pass,0 of 1 txs compact,OK,pass,0 of 1 txs compact
GetTreeState,hash@896900,identical,OK,pass,orchard empty tree encoded '000000' (zebra: ''),OK,pass,orchard empty tree encoded '000000' (zebra: ''),OK,pass,orchard empty tree encoded '000000' (zebra: ''),OK,pass,orchard empty tree encoded '000000' (zebra: '')
GetBlock,pre-sapling height=1,"differs: zaino-0.10.1,ztreamer-master,ztreamer-v0.1.0 | zaino-0.9.0",OK,,,OK,,,OK,,,OK,,
GetBlock,beyond tip,all OUT_OF_RANGE,OUT_OF_RANGE,,Error: Height out of range [14382797]. Height requested is greater than the best chain tip [4382897].,OUT_OF_RANGE,,Error: Height out of range [14382797]. Height requested is greater than the best chain tip [4382897].,OUT_OF_RANGE,,compact block height 14382797 is outside indexed coverage,OUT_OF_RANGE,,compact block height 14382797 is outside indexed coverage
GetBlockRange,350494-350593,identical,OK,pass,100 blocks in order,OK,pass,100 blocks in order,OK,pass,100 blocks in order,OK,pass,100 blocks in order
GetBlockRangeNullifiers,350494-350593,identical,OK,pass,100 blocks in order,OK,pass,100 blocks in order,OK,pass,100 blocks in order,OK,pass,100 blocks in order
GetBlockRange,350593-350494 descending,identical,OK,pass,100 blocks in order,OK,pass,100 blocks in order,OK,pass,100 blocks in order,OK,pass,100 blocks in order
GetBlockRange,350494-350593 pools=transparent,identical,OK,pass,100 blocks in order,OK,pass,100 blocks in order,OK,pass,100 blocks in order,OK,pass,100 blocks in order
GetBlockRange,350494-350593 pools=sapling,identical,OK,pass,100 blocks in order,OK,pass,100 blocks in order,OK,pass,100 blocks in order,OK,pass,100 blocks in order
GetBlockRange,350494-350593 pools=orchard,identical,OK,pass,100 blocks in order,OK,pass,100 blocks in order,OK,pass,100 blocks in order,OK,pass,100 blocks in order
GetBlockRange,350494-350593 pools=all,identical,OK,pass,100 blocks in order,OK,pass,100 blocks in order,OK,pass,100 blocks in order,OK,pass,100 blocks in order
GetBlockRange,1001845-1001944,identical,OK,pass,100 blocks in order,OK,pass,100 blocks in order,OK,pass,100 blocks in order,OK,pass,100 blocks in order
GetBlockRangeNullifiers,1001845-1001944,identical,OK,pass,100 blocks in order,OK,pass,100 blocks in order,OK,pass,100 blocks in order,OK,pass,100 blocks in order
GetBlockRange,1617199-1617298,identical,OK,pass,100 blocks in order,OK,pass,100 blocks in order,OK,pass,100 blocks in order,OK,pass,100 blocks in order
GetBlockRangeNullifiers,1617199-1617298,identical,OK,pass,100 blocks in order,OK,pass,100 blocks in order,OK,pass,100 blocks in order,OK,pass,100 blocks in order
GetBlockRange,2200289-2200388,identical,OK,pass,100 blocks in order,OK,pass,100 blocks in order,OK,pass,100 blocks in order,OK,pass,100 blocks in order
GetBlockRangeNullifiers,2200289-2200388,identical,OK,pass,100 blocks in order,OK,pass,100 blocks in order,OK,pass,100 blocks in order,OK,pass,100 blocks in order
GetBlockRange,2990864-2990963,identical,OK,pass,100 blocks in order,OK,pass,100 blocks in order,OK,pass,100 blocks in order,OK,pass,100 blocks in order
GetBlockRangeNullifiers,2990864-2990963,identical,OK,pass,100 blocks in order,OK,pass,100 blocks in order,OK,pass,100 blocks in order,OK,pass,100 blocks in order
GetBlockRange,3582373-3582472,identical,OK,pass,100 blocks in order,OK,pass,100 blocks in order,OK,pass,100 blocks in order,OK,pass,100 blocks in order
GetBlockRangeNullifiers,3582373-3582472,identical,OK,pass,100 blocks in order,OK,pass,100 blocks in order,OK,pass,100 blocks in order,OK,pass,100 blocks in order
GetBlockRange,4282797-4382797 100k,identical,OK,pass,100001 blocks in order,OK,pass,100001 blocks in order,OK,pass,100001 blocks in order,OK,pass,100001 blocks in order
GetTransaction,txid=55329968cb28,identical,OK,pass,matches getrawtransaction,OK,pass,matches getrawtransaction,OK,pass,matches getrawtransaction,OK,pass,matches getrawtransaction
GetTransaction,txid=f3572cc3657e,identical,OK,pass,matches getrawtransaction,OK,pass,matches getrawtransaction,OK,pass,matches getrawtransaction,OK,pass,matches getrawtransaction
GetTransaction,txid=e1588ef00f6d,identical,OK,pass,matches getrawtransaction,OK,pass,matches getrawtransaction,OK,pass,matches getrawtransaction,OK,pass,matches getrawtransaction
GetTransaction,txid=8a592ee1bec7,identical,OK,pass,matches getrawtransaction,OK,pass,matches getrawtransaction,OK,pass,matches getrawtransaction,OK,pass,matches getrawtransaction
GetTransaction,txid=4850cae5b2dc,identical,OK,pass,matches getrawtransaction,OK,pass,matches getrawtransaction,OK,pass,matches getrawtransaction,OK,pass,matches getrawtransaction
SendTransaction,already-mined tx,status differs,INTERNAL,,"InternalServerError: error receiving data from backing node: critical error in backing block source: validator rejected the query: rejected by validator: rpc error -25: failed to validate tx: transaction::Hash(""private""), error: transaction is already in state",INTERNAL,,InternalServerError: error receiving data from backing node,INVALID_ARGUMENT,,"Zakura rejected transaction: transaction verification failed: failed to validate tx: transaction::Hash(""private""), error: transaction is already in state",INVALID_ARGUMENT,,"Zakura rejected transaction: transaction verification failed: failed to validate tx: transaction::Hash(""private""), error: transaction is already in state"
SendTransaction,malformed bytes,status differs,INTERNAL,,InternalServerError: error receiving data from backing node: critical error in backing block source: validator rejected the query: malformed transaction: rpc error -22: io error: Unknown transaction format,INTERNAL,,InternalServerError: error receiving data from backing node,INVALID_ARGUMENT,,invalid transaction: parse error: bad tx header,INVALID_ARGUMENT,,invalid transaction: parse error: bad tx header
GetTransaction,unknown txid,status differs,INTERNAL,,"RPC error: LegacyRpcError { code: -5, message: ""No such mempool or main chain transaction"" }",INTERNAL,,"RPC error: LegacyRpcError { code: -5, message: ""No such mempool or main chain transaction"" }",NOT_FOUND,,transaction not found,NOT_FOUND,,transaction not found
GetTaddressTxids,moderate,identical,OK,pass,207 txs; 26/26 sampled raw txs present,OK,pass,207 txs; 26/26 sampled raw txs present,OK,pass,207 txs; 26/26 sampled raw txs present,OK,pass,207 txs; 26/26 sampled raw txs present
GetTaddressTransactions,moderate,identical,OK,pass,207 txs; 26/26 sampled raw txs present,OK,pass,207 txs; 26/26 sampled raw txs present,OK,pass,207 txs; 26/26 sampled raw txs present,OK,pass,207 txs; 26/26 sampled raw txs present
GetTaddressBalance,moderate,identical,OK,pass,valueZat 51750020650 vs zebra 51750020650,OK,pass,valueZat 51750020650 vs zebra 51750020650,OK,pass,valueZat 51750020650 vs zebra 51750020650,OK,pass,valueZat 51750020650 vs zebra 51750020650
GetTaddressBalanceStream,moderate,identical,OK,pass,valueZat 51750020650 vs zebra 51750020650,OK,pass,valueZat 51750020650 vs zebra 51750020650,OK,pass,valueZat 51750020650 vs zebra 51750020650,OK,pass,valueZat 51750020650 vs zebra 51750020650
GetAddressUtxos,moderate,identical,OK,pass,207 utxos match getaddressutxos,OK,pass,207 utxos match getaddressutxos,OK,pass,207 utxos match getaddressutxos,OK,pass,207 utxos match getaddressutxos
GetAddressUtxosStream,moderate,identical,OK,pass,207 utxos match getaddressutxos,OK,pass,207 utxos match getaddressutxos,OK,pass,207 utxos match getaddressutxos,OK,pass,207 utxos match getaddressutxos
GetTaddressTxids,active,identical,OK,pass,35000 txs; 25/25 sampled raw txs present,OK,pass,35000 txs; 25/25 sampled raw txs present,OK,pass,35000 txs; 25/25 sampled raw txs present,OK,pass,35000 txs; 25/25 sampled raw txs present
GetTaddressTransactions,active,identical,OK,pass,35000 txs; 25/25 sampled raw txs present,OK,pass,35000 txs; 25/25 sampled raw txs present,OK,pass,35000 txs; 25/25 sampled raw txs present,OK,pass,35000 txs; 25/25 sampled raw txs present
GetTaddressBalance,active,identical,OK,pass,valueZat 765625000000 vs zebra 765625000000,OK,pass,valueZat 765625000000 vs zebra 765625000000,OK,pass,valueZat 765625000000 vs zebra 765625000000,OK,pass,valueZat 765625000000 vs zebra 765625000000
GetTaddressBalanceStream,active,identical,OK,pass,valueZat 765625000000 vs zebra 765625000000,OK,pass,valueZat 765625000000 vs zebra 765625000000,OK,pass,valueZat 765625000000 vs zebra 765625000000,OK,pass,valueZat 765625000000 vs zebra 765625000000
GetAddressUtxos,active,identical,OK,pass,35000 utxos match getaddressutxos,OK,pass,35000 utxos match getaddressutxos,OK,pass,35000 utxos match getaddressutxos,OK,pass,35000 utxos match getaddressutxos
GetAddressUtxosStream,active,identical,OK,pass,35000 utxos match getaddressutxos,OK,pass,35000 utxos match getaddressutxos,OK,pass,35000 utxos match getaddressutxos,OK,pass,35000 utxos match getaddressutxos
GetTaddressTxids,quiet,identical,OK,pass,7 txs; 7/7 sampled raw txs present,OK,pass,7 txs; 7/7 sampled raw txs present,OK,pass,7 txs; 7/7 sampled raw txs present,OK,pass,7 txs; 7/7 sampled raw txs present
GetTaddressTransactions,quiet,identical,OK,pass,7 txs; 7/7 sampled raw txs present,OK,pass,7 txs; 7/7 sampled raw txs present,OK,pass,7 txs; 7/7 sampled raw txs present,OK,pass,7 txs; 7/7 sampled raw txs present
GetTaddressBalance,quiet,identical,OK,pass,valueZat 1750000000 vs zebra 1750000000,OK,pass,valueZat 1750000000 vs zebra 1750000000,OK,pass,valueZat 1750000000 vs zebra 1750000000,OK,pass,valueZat 1750000000 vs zebra 1750000000
GetTaddressBalanceStream,quiet,identical,OK,pass,valueZat 1750000000 vs zebra 1750000000,OK,pass,valueZat 1750000000 vs zebra 1750000000,OK,pass,valueZat 1750000000 vs zebra 1750000000,OK,pass,valueZat 1750000000 vs zebra 1750000000
GetAddressUtxos,quiet,identical,OK,pass,7 utxos match getaddressutxos,OK,pass,7 utxos match getaddressutxos,OK,pass,7 utxos match getaddressutxos,OK,pass,7 utxos match getaddressutxos
GetAddressUtxosStream,quiet,identical,OK,pass,7 utxos match getaddressutxos,OK,pass,7 utxos match getaddressutxos,OK,pass,7 utxos match getaddressutxos,OK,pass,7 utxos match getaddressutxos
GetTaddressBalance,all fixtures,identical,OK,pass,valueZat 819125020650 vs zebra 819125020650,OK,pass,valueZat 819125020650 vs zebra 819125020650,OK,pass,valueZat 819125020650 vs zebra 819125020650,OK,pass,valueZat 819125020650 vs zebra 819125020650
GetTaddressBalanceStream,all fixtures + duplicate,"differs: zaino-0.10.1,zaino-0.9.0,ztreamer-v0.1.0 | ztreamer-master",OK,FAIL,valueZat 870875041300 vs zebra 819125020650,OK,FAIL,valueZat 870875041300 vs zebra 819125020650,OK,pass,valueZat 819125020650 vs zebra 819125020650,OK,FAIL,valueZat 870875041300 vs zebra 819125020650
GetTaddressBalance,invalid address,status differs,INTERNAL,,"InternalServerError: error receiving data from backing node: critical error in backing block source: invalid address: ErrorObject { code: ServerError(-5), message: ""parse error: invalid Bech32 encoding"", data: None }",INTERNAL,,InternalServerError: error receiving data from backing node,INVALID_ARGUMENT,,invalid address: parse error: invalid Bech32 encoding,INVALID_ARGUMENT,,invalid address: parse error: invalid Bech32 encoding
GetMempoolTx,no exclusions,identical,OK,,,OK,,,OK,,,OK,,
GetMempoolStream,5s window,all DEADLINE_EXCEEDED,DEADLINE_EXCEEDED,,Deadline Exceeded,DEADLINE_EXCEEDED,,Deadline Exceeded,DEADLINE_EXCEEDED,,Deadline Exceeded,DEADLINE_EXCEEDED,,Deadline Exceeded
GetSubtreeRoots,sapling all,"differs: zaino-0.10.1,zaino-0.9.0 | ztreamer-master,ztreamer-v0.1.0",OK,pass,6 roots match z_getsubtreesbyindex,OK,pass,6 roots match z_getsubtreesbyindex,OK,pass,6 roots match z_getsubtreesbyindex,OK,pass,6 roots match z_getsubtreesbyindex
GetSubtreeRoots,"sapling from 2, max 3","differs: zaino-0.10.1,zaino-0.9.0 | ztreamer-master,ztreamer-v0.1.0",OK,pass,3 roots match z_getsubtreesbyindex,OK,pass,3 roots match z_getsubtreesbyindex,OK,pass,3 roots match z_getsubtreesbyindex,OK,pass,3 roots match z_getsubtreesbyindex
GetSubtreeRoots,orchard all,"differs: zaino-0.10.1,zaino-0.9.0 | ztreamer-master,ztreamer-v0.1.0",OK,pass,3 roots match z_getsubtreesbyindex,OK,pass,3 roots match z_getsubtreesbyindex,OK,pass,3 roots match z_getsubtreesbyindex,OK,pass,3 roots match z_getsubtreesbyindex
GetSubtreeRoots,"orchard from 2, max 3","differs: zaino-0.10.1,zaino-0.9.0 | ztreamer-master,ztreamer-v0.1.0",OK,pass,1 roots match z_getsubtreesbyindex,OK,pass,1 roots match z_getsubtreesbyindex,OK,pass,1 roots match z_getsubtreesbyindex,OK,pass,1 roots match z_getsubtreesbyindex
GetSubtreeRoots,ironwood (not active on mainnet),"differs: zaino-0.10.1,zaino-0.9.0 | ztreamer-master,ztreamer-v0.1.0",OK,,,OK,,,OK,,,OK,,
