t,elapsed_s,probe,status,seconds,value
1791660616.605,0.039,GetLightdInfo,ConnectionError,0.639719,
1791660616.605,0.039,GetBlock-historical,ConnectionError,0.611938,
1791660616.605,0.039,GetBlock-target,ConnectionError,0.610562,
1791660622.522,5.956,GetLightdInfo,OK,0.013931,4382897
1791660622.522,5.956,GetBlock-historical,OK,0.001813,0
1791660622.522,5.956,GetBlock-target,OK,0.000581,00005894e6410b9d9524e38d725e6595ef4c8f85d4deb9e56b340751b0c3d678
1791660627.522,10.957,GetLightdInfo,OK,0.007162,4382897
1791660627.522,10.957,GetBlock-historical,OK,0.001035,0
1791660627.522,10.957,GetBlock-target,OK,0.000370,00005894e6410b9d9524e38d725e6595ef4c8f85d4deb9e56b340751b0c3d678
1791660632.523,15.957,GetLightdInfo,OK,0.008651,4382897
1791660632.523,15.957,GetBlock-historical,OK,0.001262,0
1791660632.523,15.957,GetBlock-target,OK,0.001831,00005894e6410b9d9524e38d725e6595ef4c8f85d4deb9e56b340751b0c3d678
1791660637.524,20.958,GetLightdInfo,OK,0.006737,4382897
1791660637.524,20.958,GetBlock-historical,OK,0.002208,0
1791660637.524,20.958,GetBlock-target,OK,0.000517,00005894e6410b9d9524e38d725e6595ef4c8f85d4deb9e56b340751b0c3d678
1791660642.525,25.959,GetLightdInfo,OK,0.011417,4382897
1791660642.525,25.959,GetBlock-historical,OK,0.000965,0
1791660642.525,25.959,GetBlock-target,OK,0.000581,00005894e6410b9d9524e38d725e6595ef4c8f85d4deb9e56b340751b0c3d678
1791660647.525,30.959,GetLightdInfo,OK,0.010802,4382897
1791660647.525,30.959,GetBlock-historical,OK,0.000768,0
1791660647.525,30.959,GetBlock-target,OK,0.000563,00005894e6410b9d9524e38d725e6595ef4c8f85d4deb9e56b340751b0c3d678
1791660652.526,35.960,GetLightdInfo,OK,0.008939,4382897
1791660652.526,35.960,GetBlock-historical,OK,0.001087,0
1791660652.526,35.960,GetBlock-target,OK,0.000948,00005894e6410b9d9524e38d725e6595ef4c8f85d4deb9e56b340751b0c3d678
1791660657.526,40.960,GetLightdInfo,OK,0.006302,4382897
1791660657.526,40.960,GetBlock-historical,OK,0.001902,0
1791660657.526,40.960,GetBlock-target,OK,0.001202,00005894e6410b9d9524e38d725e6595ef4c8f85d4deb9e56b340751b0c3d678
1791660662.527,45.961,GetLightdInfo,OK,0.010882,4382897
1791660662.527,45.961,GetBlock-historical,OK,0.001511,0
1791660662.527,45.961,GetBlock-target,OK,0.000747,00005894e6410b9d9524e38d725e6595ef4c8f85d4deb9e56b340751b0c3d678
1791660667.527,50.962,GetLightdInfo,OK,0.006352,4382897
1791660667.527,50.962,GetBlock-historical,OK,0.001439,0
1791660667.527,50.962,GetBlock-target,OK,0.000903,00005894e6410b9d9524e38d725e6595ef4c8f85d4deb9e56b340751b0c3d678
1791660672.528,55.962,GetLightdInfo,OK,0.006367,4382897
1791660672.528,55.962,GetBlock-historical,OK,0.001150,0
1791660672.528,55.962,GetBlock-target,OK,0.000586,00005894e6410b9d9524e38d725e6595ef4c8f85d4deb9e56b340751b0c3d678
1791660677.529,60.963,GetLightdInfo,OK,0.008237,4382897
1791660677.529,60.963,GetBlock-historical,OK,0.000933,0
1791660677.529,60.963,GetBlock-target,OK,0.000422,00005894e6410b9d9524e38d725e6595ef4c8f85d4deb9e56b340751b0c3d678
1791660682.529,65.963,GetLightdInfo,OK,0.007615,4382897
1791660682.529,65.963,GetBlock-historical,OK,0.001234,0
1791660682.529,65.963,GetBlock-target,OK,0.000400,00005894e6410b9d9524e38d725e6595ef4c8f85d4deb9e56b340751b0c3d678
1791660687.530,70.964,GetLightdInfo,OK,0.005682,4382897
1791660687.530,70.964,GetBlock-historical,OK,0.001371,0
1791660687.530,70.964,GetBlock-target,OK,0.000549,00005894e6410b9d9524e38d725e6595ef4c8f85d4deb9e56b340751b0c3d678
1791660692.534,75.968,GetLightdInfo,OK,0.008160,4382897
1791660692.534,75.968,GetBlock-historical,OK,0.002169,0
1791660692.534,75.968,GetBlock-target,OK,0.000858,00005894e6410b9d9524e38d725e6595ef4c8f85d4deb9e56b340751b0c3d678
1791660697.534,80.969,GetLightdInfo,OK,0.008281,4382897
1791660697.534,80.969,GetBlock-historical,OK,0.000958,0
1791660697.534,80.969,GetBlock-target,OK,0.000380,00005894e6410b9d9524e38d725e6595ef4c8f85d4deb9e56b340751b0c3d678
1791660702.535,85.970,GetLightdInfo,OK,0.006856,4382897
1791660702.535,85.970,GetBlock-historical,OK,0.001942,0
1791660702.535,85.970,GetBlock-target,OK,0.001009,00005894e6410b9d9524e38d725e6595ef4c8f85d4deb9e56b340751b0c3d678
1791660707.536,90.970,GetLightdInfo,OK,0.004593,4382897
1791660707.536,90.970,GetBlock-historical,OK,0.001071,0
1791660707.536,90.970,GetBlock-target,OK,0.000374,00005894e6410b9d9524e38d725e6595ef4c8f85d4deb9e56b340751b0c3d678
1791660712.536,95.971,GetLightdInfo,OK,0.005973,4382897
1791660712.536,95.971,GetBlock-historical,OK,0.001187,0
1791660712.536,95.971,GetBlock-target,OK,0.000529,00005894e6410b9d9524e38d725e6595ef4c8f85d4deb9e56b340751b0c3d678
1791660717.537,100.971,GetLightdInfo,OK,0.008083,4382897
1791660717.537,100.971,GetBlock-historical,OK,0.001024,0
1791660717.537,100.971,GetBlock-target,OK,0.000505,00005894e6410b9d9524e38d725e6595ef4c8f85d4deb9e56b340751b0c3d678
1791660722.538,105.972,GetLightdInfo,OK,0.004739,4382897
1791660722.538,105.972,GetBlock-historical,OK,0.000779,0
1791660722.538,105.972,GetBlock-target,OK,0.000324,00005894e6410b9d9524e38d725e6595ef4c8f85d4deb9e56b340751b0c3d678
1791660727.538,110.972,GetLightdInfo,OK,0.005277,4382897
1791660727.538,110.972,GetBlock-historical,OK,0.001083,0
1791660727.538,110.972,GetBlock-target,OK,0.000510,00005894e6410b9d9524e38d725e6595ef4c8f85d4deb9e56b340751b0c3d678
1791660732.539,115.973,GetLightdInfo,OK,0.003591,4382897
1791660732.539,115.973,GetBlock-historical,OK,0.000655,0
1791660732.539,115.973,GetBlock-target,OK,0.000321,00005894e6410b9d9524e38d725e6595ef4c8f85d4deb9e56b340751b0c3d678
1791660737.539,120.973,GetLightdInfo,OK,0.004836,4382897
1791660737.539,120.973,GetBlock-historical,OK,0.001175,0
1791660737.539,120.973,GetBlock-target,OK,0.000567,00005894e6410b9d9524e38d725e6595ef4c8f85d4deb9e56b340751b0c3d678
1791660742.540,125.974,GetLightdInfo,OK,0.004480,4382897
1791660742.540,125.974,GetBlock-historical,OK,0.000886,0
1791660742.540,125.974,GetBlock-target,OK,0.000469,00005894e6410b9d9524e38d725e6595ef4c8f85d4deb9e56b340751b0c3d678
1791660747.540,130.975,GetLightdInfo,OK,0.004846,4382897
1791660747.540,130.975,GetBlock-historical,OK,0.000833,0
1791660747.540,130.975,GetBlock-target,OK,0.000510,00005894e6410b9d9524e38d725e6595ef4c8f85d4deb9e56b340751b0c3d678
1791660752.541,135.975,GetLightdInfo,OK,0.006239,4382897
1791660752.541,135.975,GetBlock-historical,OK,0.000983,0
1791660752.541,135.975,GetBlock-target,OK,0.000382,00005894e6410b9d9524e38d725e6595ef4c8f85d4deb9e56b340751b0c3d678
1791660757.541,140.976,GetLightdInfo,OK,0.005194,4382897
1791660757.541,140.976,GetBlock-historical,OK,0.001193,0
1791660757.541,140.976,GetBlock-target,OK,0.000363,00005894e6410b9d9524e38d725e6595ef4c8f85d4deb9e56b340751b0c3d678
1791660762.542,145.976,GetLightdInfo,OK,0.004990,4382897
1791660762.542,145.976,GetBlock-historical,OK,0.000838,0
1791660762.542,145.976,GetBlock-target,OK,0.000453,00005894e6410b9d9524e38d725e6595ef4c8f85d4deb9e56b340751b0c3d678
1791660767.542,150.977,GetLightdInfo,OK,0.005021,4382897
1791660767.542,150.977,GetBlock-historical,OK,0.000904,0
1791660767.542,150.977,GetBlock-target,OK,0.000408,00005894e6410b9d9524e38d725e6595ef4c8f85d4deb9e56b340751b0c3d678
1791660772.543,155.977,GetLightdInfo,OK,0.005681,4382897
1791660772.543,155.977,GetBlock-historical,OK,0.000821,0
1791660772.543,155.977,GetBlock-target,OK,0.000532,00005894e6410b9d9524e38d725e6595ef4c8f85d4deb9e56b340751b0c3d678
1791660777.543,160.978,GetLightdInfo,OK,0.006329,4382897
1791660777.543,160.978,GetBlock-historical,OK,0.001074,0
1791660777.543,160.978,GetBlock-target,OK,0.000515,00005894e6410b9d9524e38d725e6595ef4c8f85d4deb9e56b340751b0c3d678
1791660782.544,165.978,GetLightdInfo,OK,0.005743,4382897
1791660782.544,165.978,GetBlock-historical,OK,0.001074,0
1791660782.544,165.978,GetBlock-target,OK,0.000688,00005894e6410b9d9524e38d725e6595ef4c8f85d4deb9e56b340751b0c3d678
1791660787.545,170.979,GetLightdInfo,OK,0.004516,4382897
1791660787.545,170.979,GetBlock-historical,OK,0.000910,0
1791660787.545,170.979,GetBlock-target,OK,0.000545,00005894e6410b9d9524e38d725e6595ef4c8f85d4deb9e56b340751b0c3d678
1791660792.545,175.979,GetLightdInfo,OK,0.005226,4382897
1791660792.545,175.979,GetBlock-historical,OK,0.000815,0
1791660792.545,175.979,GetBlock-target,OK,0.000365,00005894e6410b9d9524e38d725e6595ef4c8f85d4deb9e56b340751b0c3d678
1791660797.546,180.980,GetLightdInfo,OK,0.006664,4382897
1791660797.546,180.980,GetBlock-historical,OK,0.000886,0
1791660797.546,180.980,GetBlock-target,OK,0.000452,00005894e6410b9d9524e38d725e6595ef4c8f85d4deb9e56b340751b0c3d678
1791660802.546,185.981,GetLightdInfo,OK,0.005436,4382897
1791660802.546,185.981,GetBlock-historical,OK,0.000968,0
1791660802.546,185.981,GetBlock-target,OK,0.000397,00005894e6410b9d9524e38d725e6595ef4c8f85d4deb9e56b340751b0c3d678
1791660807.547,190.981,GetLightdInfo,OK,0.005539,4382897
1791660807.547,190.981,GetBlock-historical,OK,0.000905,0
1791660807.547,190.981,GetBlock-target,OK,0.000338,00005894e6410b9d9524e38d725e6595ef4c8f85d4deb9e56b340751b0c3d678
1791660812.547,195.982,GetLightdInfo,OK,0.005542,4382897
1791660812.547,195.982,GetBlock-historical,OK,0.000816,0
1791660812.547,195.982,GetBlock-target,OK,0.000388,00005894e6410b9d9524e38d725e6595ef4c8f85d4deb9e56b340751b0c3d678
1791660817.548,200.982,GetLightdInfo,OK,0.005582,4382897
1791660817.548,200.982,GetBlock-historical,OK,0.000698,0
1791660817.548,200.982,GetBlock-target,OK,0.000334,00005894e6410b9d9524e38d725e6595ef4c8f85d4deb9e56b340751b0c3d678
1791660822.548,205.982,GetLightdInfo,OK,1.122102,4382897
1791660822.548,205.982,GetBlock-historical,OK,0.000894,0
1791660822.548,205.982,GetBlock-target,OK,0.000490,00005894e6410b9d9524e38d725e6595ef4c8f85d4deb9e56b340751b0c3d678
1791660827.692,211.126,GetLightdInfo,OK,0.004498,4382897
1791660827.692,211.126,GetBlock-historical,OK,0.001255,0
1791660827.692,211.126,GetBlock-target,OK,0.000355,00005894e6410b9d9524e38d725e6595ef4c8f85d4deb9e56b340751b0c3d678
1791660832.692,216.126,GetLightdInfo,OK,0.005028,4382897
1791660832.692,216.126,GetBlock-historical,OK,0.000989,0
1791660832.692,216.126,GetBlock-target,OK,0.000417,00005894e6410b9d9524e38d725e6595ef4c8f85d4deb9e56b340751b0c3d678
1791660837.693,221.127,GetLightdInfo,OK,0.005544,4382897
1791660837.693,221.127,GetBlock-historical,OK,0.000710,0
1791660837.693,221.127,GetBlock-target,OK,0.000446,00005894e6410b9d9524e38d725e6595ef4c8f85d4deb9e56b340751b0c3d678
1791660842.694,226.128,GetLightdInfo,OK,0.003561,4382897
1791660842.694,226.128,GetBlock-historical,OK,0.000652,0
1791660842.694,226.128,GetBlock-target,OK,0.000304,00005894e6410b9d9524e38d725e6595ef4c8f85d4deb9e56b340751b0c3d678
1791660847.694,231.129,GetLightdInfo,OK,0.005080,4382897
1791660847.694,231.129,GetBlock-historical,OK,0.000816,0
1791660847.694,231.129,GetBlock-target,OK,0.000654,00005894e6410b9d9524e38d725e6595ef4c8f85d4deb9e56b340751b0c3d678
1791660852.695,236.129,GetLightdInfo,OK,0.004799,4382897
1791660852.695,236.129,GetBlock-historical,OK,0.000731,0
1791660852.695,236.129,GetBlock-target,OK,0.000488,00005894e6410b9d9524e38d725e6595ef4c8f85d4deb9e56b340751b0c3d678
1791660857.695,241.130,GetLightdInfo,OK,0.004812,4382897
1791660857.695,241.130,GetBlock-historical,OK,0.000834,0
1791660857.695,241.130,GetBlock-target,OK,0.000462,00005894e6410b9d9524e38d725e6595ef4c8f85d4deb9e56b340751b0c3d678
1791660862.696,246.130,GetLightdInfo,OK,0.003445,4382897
1791660862.696,246.130,GetBlock-historical,OK,0.000654,0
1791660862.696,246.130,GetBlock-target,OK,0.000291,00005894e6410b9d9524e38d725e6595ef4c8f85d4deb9e56b340751b0c3d678
1791660867.696,251.131,GetLightdInfo,OK,0.005431,4382897
1791660867.696,251.131,GetBlock-historical,OK,0.000700,0
1791660867.696,251.131,GetBlock-target,OK,0.000488,00005894e6410b9d9524e38d725e6595ef4c8f85d4deb9e56b340751b0c3d678
1791660872.697,256.131,GetLightdInfo,OK,0.005079,4382897
1791660872.697,256.131,GetBlock-historical,OK,0.000927,0
1791660872.697,256.131,GetBlock-target,OK,0.000432,00005894e6410b9d9524e38d725e6595ef4c8f85d4deb9e56b340751b0c3d678
1791660877.697,261.132,GetLightdInfo,OK,0.004868,4382897
1791660877.697,261.132,GetBlock-historical,OK,0.000917,0
1791660877.697,261.132,GetBlock-target,OK,0.000351,00005894e6410b9d9524e38d725e6595ef4c8f85d4deb9e56b340751b0c3d678
1791660882.698,266.132,GetLightdInfo,OK,0.005081,4382897
1791660882.698,266.132,GetBlock-historical,OK,0.001171,0
1791660882.698,266.132,GetBlock-target,OK,0.000450,00005894e6410b9d9524e38d725e6595ef4c8f85d4deb9e56b340751b0c3d678
1791660887.698,271.132,GetLightdInfo,OK,0.005471,4382897
1791660887.698,271.132,GetBlock-historical,OK,0.000823,0
1791660887.698,271.132,GetBlock-target,OK,0.000857,00005894e6410b9d9524e38d725e6595ef4c8f85d4deb9e56b340751b0c3d678
1791660892.699,276.133,GetLightdInfo,OK,0.005053,4382897
1791660892.699,276.133,GetBlock-historical,OK,0.000719,0
1791660892.699,276.133,GetBlock-target,OK,0.000613,00005894e6410b9d9524e38d725e6595ef4c8f85d4deb9e56b340751b0c3d678
1791660897.699,281.134,GetLightdInfo,OK,0.005084,4382897
1791660897.699,281.134,GetBlock-historical,OK,0.000878,0
1791660897.699,281.134,GetBlock-target,OK,0.000572,00005894e6410b9d9524e38d725e6595ef4c8f85d4deb9e56b340751b0c3d678
1791660902.700,286.134,GetLightdInfo,OK,0.004917,4382897
1791660902.700,286.134,GetBlock-historical,OK,0.000772,0
1791660902.700,286.134,GetBlock-target,OK,0.000340,00005894e6410b9d9524e38d725e6595ef4c8f85d4deb9e56b340751b0c3d678
1791660907.700,291.134,GetLightdInfo,OK,0.003560,4382897
1791660907.700,291.134,GetBlock-historical,OK,0.000689,0
1791660907.700,291.134,GetBlock-target,OK,0.000350,00005894e6410b9d9524e38d725e6595ef4c8f85d4deb9e56b340751b0c3d678
1791660912.701,296.135,GetLightdInfo,OK,0.005439,4382897
1791660912.701,296.135,GetBlock-historical,OK,0.000679,0
1791660912.701,296.135,GetBlock-target,OK,0.000386,00005894e6410b9d9524e38d725e6595ef4c8f85d4deb9e56b340751b0c3d678
1791660917.701,301.135,GetLightdInfo,OK,0.005072,4382897
1791660917.701,301.135,GetBlock-historical,OK,0.000805,0
1791660917.701,301.135,GetBlock-target,OK,0.000556,00005894e6410b9d9524e38d725e6595ef4c8f85d4deb9e56b340751b0c3d678
1791660922.702,306.136,GetLightdInfo,OK,0.005188,4382897
1791660922.702,306.136,GetBlock-historical,OK,0.001137,0
1791660922.702,306.136,GetBlock-target,OK,0.000381,00005894e6410b9d9524e38d725e6595ef4c8f85d4deb9e56b340751b0c3d678
1791660927.702,311.136,GetLightdInfo,OK,0.004074,4382897
1791660927.702,311.136,GetBlock-historical,OK,0.001207,0
1791660927.702,311.136,GetBlock-target,OK,0.000605,00005894e6410b9d9524e38d725e6595ef4c8f85d4deb9e56b340751b0c3d678
1791660932.703,316.137,GetLightdInfo,OK,0.005316,4382897
1791660932.703,316.137,GetBlock-historical,OK,0.000952,0
1791660932.703,316.137,GetBlock-target,OK,0.000382,00005894e6410b9d9524e38d725e6595ef4c8f85d4deb9e56b340751b0c3d678
1791660937.703,321.138,GetLightdInfo,OK,0.004930,4382897
1791660937.703,321.138,GetBlock-historical,OK,0.001027,0
1791660937.703,321.138,GetBlock-target,OK,0.000414,00005894e6410b9d9524e38d725e6595ef4c8f85d4deb9e56b340751b0c3d678
1791660942.704,326.138,GetLightdInfo,OK,0.005441,4382897
1791660942.704,326.138,GetBlock-historical,OK,0.000782,0
1791660942.704,326.138,GetBlock-target,OK,0.000367,00005894e6410b9d9524e38d725e6595ef4c8f85d4deb9e56b340751b0c3d678
1791660947.704,331.139,GetLightdInfo,OK,0.006029,4382897
1791660947.704,331.139,GetBlock-historical,OK,0.002008,0
1791660947.704,331.139,GetBlock-target,OK,0.000389,00005894e6410b9d9524e38d725e6595ef4c8f85d4deb9e56b340751b0c3d678
1791660952.705,336.139,GetLightdInfo,OK,0.080631,4382897
1791660952.705,336.139,GetBlock-historical,OK,0.001234,0
1791660952.705,336.139,GetBlock-target,OK,0.000420,00005894e6410b9d9524e38d725e6595ef4c8f85d4deb9e56b340751b0c3d678
1791660957.705,341.140,GetLightdInfo,OK,0.005241,4382897
1791660957.705,341.140,GetBlock-historical,OK,0.000859,0
1791660957.705,341.140,GetBlock-target,OK,0.000373,00005894e6410b9d9524e38d725e6595ef4c8f85d4deb9e56b340751b0c3d678
1791660962.706,346.140,GetLightdInfo,OK,0.004694,4382897
1791660962.706,346.140,GetBlock-historical,OK,0.000830,0
1791660962.706,346.140,GetBlock-target,OK,0.000360,00005894e6410b9d9524e38d725e6595ef4c8f85d4deb9e56b340751b0c3d678
1791660967.706,351.141,GetLightdInfo,OK,0.004588,4382897
1791660967.706,351.141,GetBlock-historical,OK,0.001231,0
1791660967.706,351.141,GetBlock-target,OK,0.000437,00005894e6410b9d9524e38d725e6595ef4c8f85d4deb9e56b340751b0c3d678
1791660972.707,356.141,GetLightdInfo,OK,0.004963,4382897
1791660972.707,356.141,GetBlock-historical,OK,0.000822,0
1791660972.707,356.141,GetBlock-target,OK,0.000371,00005894e6410b9d9524e38d725e6595ef4c8f85d4deb9e56b340751b0c3d678
1791660977.707,361.142,GetLightdInfo,DEADLINE_EXCEEDED,2.003055,
1791660977.707,361.142,GetBlock-historical,OK,0.578736,0
1791660977.707,361.142,GetBlock-target,OK,0.000415,00005894e6410b9d9524e38d725e6595ef4c8f85d4deb9e56b340751b0c3d678
1791660983.481,366.915,GetLightdInfo,OK,0.004206,4382897
1791660983.481,366.915,GetBlock-historical,OK,0.000927,0
1791660983.481,366.915,GetBlock-target,OK,0.000481,00005894e6410b9d9524e38d725e6595ef4c8f85d4deb9e56b340751b0c3d678
1791660988.481,371.915,GetLightdInfo,OK,0.005128,4382897
1791660988.481,371.915,GetBlock-historical,OK,0.000916,0
1791660988.481,371.915,GetBlock-target,OK,0.000360,00005894e6410b9d9524e38d725e6595ef4c8f85d4deb9e56b340751b0c3d678
1791660993.482,376.916,GetLightdInfo,OK,0.006601,4382897
1791660993.482,376.916,GetBlock-historical,OK,0.000917,0
1791660993.482,376.916,GetBlock-target,OK,0.000468,00005894e6410b9d9524e38d725e6595ef4c8f85d4deb9e56b340751b0c3d678
1791660998.482,381.916,GetLightdInfo,OK,0.005777,4382897
1791660998.482,381.916,GetBlock-historical,OK,0.001141,0
1791660998.482,381.916,GetBlock-target,OK,0.000402,00005894e6410b9d9524e38d725e6595ef4c8f85d4deb9e56b340751b0c3d678
1791661003.483,386.917,GetLightdInfo,OK,0.004284,4382897
1791661003.483,386.917,GetBlock-historical,OK,0.001019,0
1791661003.483,386.917,GetBlock-target,OK,0.000529,00005894e6410b9d9524e38d725e6595ef4c8f85d4deb9e56b340751b0c3d678
1791661008.484,391.918,GetLightdInfo,OK,0.004972,4382897
1791661008.484,391.918,GetBlock-historical,OK,0.000937,0
1791661008.484,391.918,GetBlock-target,OK,0.000334,00005894e6410b9d9524e38d725e6595ef4c8f85d4deb9e56b340751b0c3d678
1791661013.484,396.918,GetLightdInfo,OK,0.005292,4382897
1791661013.484,396.918,GetBlock-historical,OK,0.000954,0
1791661013.484,396.918,GetBlock-target,OK,0.000520,00005894e6410b9d9524e38d725e6595ef4c8f85d4deb9e56b340751b0c3d678
1791661018.485,401.919,GetLightdInfo,OK,0.004711,4382897
1791661018.485,401.919,GetBlock-historical,OK,0.000799,0
1791661018.485,401.919,GetBlock-target,OK,0.000344,00005894e6410b9d9524e38d725e6595ef4c8f85d4deb9e56b340751b0c3d678
1791661023.485,406.920,GetLightdInfo,DEADLINE_EXCEEDED,2.002179,
1791661023.485,406.920,GetBlock-historical,OK,0.189945,0
1791661023.485,406.920,GetBlock-target,OK,0.000540,00005894e6410b9d9524e38d725e6595ef4c8f85d4deb9e56b340751b0c3d678
1791661028.697,412.132,GetLightdInfo,OK,0.005283,4382897
1791661028.697,412.132,GetBlock-historical,OK,0.000849,0
1791661028.697,412.132,GetBlock-target,OK,0.000472,00005894e6410b9d9524e38d725e6595ef4c8f85d4deb9e56b340751b0c3d678
1791661033.698,417.132,GetLightdInfo,OK,0.005399,4382897
1791661033.698,417.132,GetBlock-historical,OK,0.000965,0
1791661033.698,417.132,GetBlock-target,OK,0.000576,00005894e6410b9d9524e38d725e6595ef4c8f85d4deb9e56b340751b0c3d678
1791661038.698,422.133,GetLightdInfo,OK,0.006123,4382897
1791661038.698,422.133,GetBlock-historical,OK,0.000781,0
1791661038.698,422.133,GetBlock-target,OK,0.000308,00005894e6410b9d9524e38d725e6595ef4c8f85d4deb9e56b340751b0c3d678
1791661043.699,427.133,GetLightdInfo,OK,0.003531,4382897
1791661043.699,427.133,GetBlock-historical,OK,0.000647,0
1791661043.699,427.133,GetBlock-target,OK,0.000306,00005894e6410b9d9524e38d725e6595ef4c8f85d4deb9e56b340751b0c3d678
1791661048.699,432.133,GetLightdInfo,OK,0.005626,4382897
1791661048.699,432.133,GetBlock-historical,OK,0.000783,0
1791661048.699,432.133,GetBlock-target,OK,0.000307,00005894e6410b9d9524e38d725e6595ef4c8f85d4deb9e56b340751b0c3d678
1791661053.700,437.134,GetLightdInfo,OK,0.004357,4382897
1791661053.700,437.134,GetBlock-historical,OK,0.000869,0
1791661053.700,437.134,GetBlock-target,OK,0.000324,00005894e6410b9d9524e38d725e6595ef4c8f85d4deb9e56b340751b0c3d678
1791661058.700,442.134,GetLightdInfo,OK,0.004411,4382897
1791661058.700,442.134,GetBlock-historical,OK,0.000934,0
1791661058.700,442.134,GetBlock-target,OK,0.000380,00005894e6410b9d9524e38d725e6595ef4c8f85d4deb9e56b340751b0c3d678
1791661063.701,447.135,GetLightdInfo,OK,0.003854,4382897
1791661063.701,447.135,GetBlock-historical,OK,0.000651,0
1791661063.701,447.135,GetBlock-target,OK,0.000309,00005894e6410b9d9524e38d725e6595ef4c8f85d4deb9e56b340751b0c3d678
1791661068.701,452.135,GetLightdInfo,OK,0.005063,4382897
1791661068.701,452.135,GetBlock-historical,OK,0.000825,0
1791661068.701,452.135,GetBlock-target,OK,0.000477,00005894e6410b9d9524e38d725e6595ef4c8f85d4deb9e56b340751b0c3d678
1791661073.702,457.136,GetLightdInfo,OK,0.004628,4382897
1791661073.702,457.136,GetBlock-historical,OK,0.000881,0
1791661073.702,457.136,GetBlock-target,OK,0.000485,00005894e6410b9d9524e38d725e6595ef4c8f85d4deb9e56b340751b0c3d678
1791661078.702,462.137,GetLightdInfo,OK,0.004747,4382897
1791661078.702,462.137,GetBlock-historical,OK,0.001198,0
1791661078.702,462.137,GetBlock-target,OK,0.000414,00005894e6410b9d9524e38d725e6595ef4c8f85d4deb9e56b340751b0c3d678
1791661083.703,467.137,GetLightdInfo,OK,0.004678,4382897
1791661083.703,467.137,GetBlock-historical,OK,0.000900,0
1791661083.703,467.137,GetBlock-target,OK,0.000328,00005894e6410b9d9524e38d725e6595ef4c8f85d4deb9e56b340751b0c3d678
1791661088.704,472.138,GetLightdInfo,OK,0.004546,4382897
1791661088.704,472.138,GetBlock-historical,OK,0.000811,0
1791661088.704,472.138,GetBlock-target,OK,0.000329,00005894e6410b9d9524e38d725e6595ef4c8f85d4deb9e56b340751b0c3d678
1791661093.704,477.138,GetLightdInfo,OK,0.005607,4382897
1791661093.704,477.138,GetBlock-historical,OK,0.001170,0
1791661093.704,477.138,GetBlock-target,OK,0.000496,00005894e6410b9d9524e38d725e6595ef4c8f85d4deb9e56b340751b0c3d678
1791661098.705,482.139,GetLightdInfo,DEADLINE_EXCEEDED,2.002389,
1791661098.705,482.139,GetBlock-historical,OK,0.209971,0
1791661098.705,482.139,GetBlock-target,OK,0.000681,00005894e6410b9d9524e38d725e6595ef4c8f85d4deb9e56b340751b0c3d678
1791661104.097,487.531,GetLightdInfo,OK,0.005211,4382897
1791661104.097,487.531,GetBlock-historical,OK,0.000979,0
1791661104.097,487.531,GetBlock-target,OK,0.000492,00005894e6410b9d9524e38d725e6595ef4c8f85d4deb9e56b340751b0c3d678
1791661109.097,492.532,GetLightdInfo,OK,0.004385,4382897
1791661109.097,492.532,GetBlock-historical,OK,0.000663,0
1791661109.097,492.532,GetBlock-target,OK,0.000477,00005894e6410b9d9524e38d725e6595ef4c8f85d4deb9e56b340751b0c3d678
1791661114.098,497.532,GetLightdInfo,OK,0.004971,4382897
1791661114.098,497.532,GetBlock-historical,OK,0.001044,0
1791661114.098,497.532,GetBlock-target,OK,0.000383,00005894e6410b9d9524e38d725e6595ef4c8f85d4deb9e56b340751b0c3d678
1791661119.098,502.533,GetLightdInfo,OK,0.004516,4382897
1791661119.098,502.533,GetBlock-historical,OK,0.001270,0
1791661119.098,502.533,GetBlock-target,OK,0.000371,00005894e6410b9d9524e38d725e6595ef4c8f85d4deb9e56b340751b0c3d678
1791661124.099,507.533,GetLightdInfo,OK,0.005395,4382897
1791661124.099,507.533,GetBlock-historical,OK,0.000770,0
1791661124.099,507.533,GetBlock-target,OK,0.000352,00005894e6410b9d9524e38d725e6595ef4c8f85d4deb9e56b340751b0c3d678
1791661129.099,512.534,GetLightdInfo,OK,0.005883,4382897
1791661129.099,512.534,GetBlock-historical,OK,0.001198,0
1791661129.099,512.534,GetBlock-target,OK,0.000544,00005894e6410b9d9524e38d725e6595ef4c8f85d4deb9e56b340751b0c3d678
1791661134.100,517.534,GetLightdInfo,OK,0.004733,4382897
1791661134.100,517.534,GetBlock-historical,OK,0.001033,0
1791661134.100,517.534,GetBlock-target,OK,0.000434,00005894e6410b9d9524e38d725e6595ef4c8f85d4deb9e56b340751b0c3d678
1791661139.100,522.535,GetLightdInfo,OK,0.004729,4382897
1791661139.100,522.535,GetBlock-historical,OK,0.000930,0
1791661139.100,522.535,GetBlock-target,OK,0.000551,00005894e6410b9d9524e38d725e6595ef4c8f85d4deb9e56b340751b0c3d678
1791661144.101,527.535,GetLightdInfo,OK,0.005237,4382897
1791661144.101,527.535,GetBlock-historical,OK,0.001096,0
1791661144.101,527.535,GetBlock-target,OK,0.000336,00005894e6410b9d9524e38d725e6595ef4c8f85d4deb9e56b340751b0c3d678
1791661149.101,532.536,GetLightdInfo,OK,0.004616,4382897
1791661149.101,532.536,GetBlock-historical,OK,0.000765,0
1791661149.101,532.536,GetBlock-target,OK,0.000351,00005894e6410b9d9524e38d725e6595ef4c8f85d4deb9e56b340751b0c3d678
1791661154.102,537.536,GetLightdInfo,OK,0.005274,4382897
1791661154.102,537.536,GetBlock-historical,OK,0.001185,0
1791661154.102,537.536,GetBlock-target,OK,0.000658,00005894e6410b9d9524e38d725e6595ef4c8f85d4deb9e56b340751b0c3d678
1791661159.102,542.537,GetLightdInfo,OK,0.005277,4382897
1791661159.102,542.537,GetBlock-historical,OK,0.001198,0
1791661159.102,542.537,GetBlock-target,OK,0.000540,00005894e6410b9d9524e38d725e6595ef4c8f85d4deb9e56b340751b0c3d678
1791661164.103,547.537,GetLightdInfo,OK,0.005107,4382897
1791661164.103,547.537,GetBlock-historical,OK,0.001227,0
1791661164.103,547.537,GetBlock-target,OK,0.000400,00005894e6410b9d9524e38d725e6595ef4c8f85d4deb9e56b340751b0c3d678
1791661169.104,552.538,GetLightdInfo,OK,0.005441,4382897
1791661169.104,552.538,GetBlock-historical,OK,0.000947,0
1791661169.104,552.538,GetBlock-target,OK,0.000568,00005894e6410b9d9524e38d725e6595ef4c8f85d4deb9e56b340751b0c3d678
1791661174.104,557.538,GetLightdInfo,OK,1.486508,4382897
1791661174.104,557.538,GetBlock-historical,OK,0.000783,0
1791661174.104,557.538,GetBlock-target,OK,0.000312,00005894e6410b9d9524e38d725e6595ef4c8f85d4deb9e56b340751b0c3d678
1791661179.604,563.038,GetLightdInfo,OK,0.005504,4382897
1791661179.604,563.038,GetBlock-historical,OK,0.000861,0
1791661179.604,563.038,GetBlock-target,OK,0.000609,00005894e6410b9d9524e38d725e6595ef4c8f85d4deb9e56b340751b0c3d678
1791661184.604,568.038,GetLightdInfo,OK,0.005613,4382897
1791661184.604,568.038,GetBlock-historical,OK,0.001163,0
1791661184.604,568.038,GetBlock-target,OK,0.000367,00005894e6410b9d9524e38d725e6595ef4c8f85d4deb9e56b340751b0c3d678
1791661189.605,573.039,GetLightdInfo,OK,0.006823,4382897
1791661189.605,573.039,GetBlock-historical,OK,0.001325,0
1791661189.605,573.039,GetBlock-target,OK,0.000564,00005894e6410b9d9524e38d725e6595ef4c8f85d4deb9e56b340751b0c3d678
1791661194.605,578.039,GetLightdInfo,OK,0.004423,4382897
1791661194.605,578.039,GetBlock-historical,OK,0.001045,0
1791661194.605,578.039,GetBlock-target,OK,0.000315,00005894e6410b9d9524e38d725e6595ef4c8f85d4deb9e56b340751b0c3d678
1791661199.606,583.040,GetLightdInfo,OK,0.004801,4382897
1791661199.606,583.040,GetBlock-historical,OK,0.000746,0
1791661199.606,583.040,GetBlock-target,OK,0.000370,00005894e6410b9d9524e38d725e6595ef4c8f85d4deb9e56b340751b0c3d678
1791661204.606,588.040,GetLightdInfo,OK,0.005989,4382897
1791661204.606,588.040,GetBlock-historical,OK,0.001161,0
1791661204.606,588.040,GetBlock-target,OK,0.000641,00005894e6410b9d9524e38d725e6595ef4c8f85d4deb9e56b340751b0c3d678
1791661209.607,593.041,GetLightdInfo,OK,0.004983,4382897
1791661209.607,593.041,GetBlock-historical,OK,0.000933,0
1791661209.607,593.041,GetBlock-target,OK,0.000359,00005894e6410b9d9524e38d725e6595ef4c8f85d4deb9e56b340751b0c3d678
1791661214.607,598.041,GetLightdInfo,OK,0.004704,4382897
1791661214.607,598.041,GetBlock-historical,OK,0.000742,0
1791661214.607,598.041,GetBlock-target,OK,0.000534,00005894e6410b9d9524e38d725e6595ef4c8f85d4deb9e56b340751b0c3d678
1791661219.608,603.042,GetLightdInfo,DEADLINE_EXCEEDED,2.002087,
1791661219.608,603.042,GetBlock-historical,OK,0.000987,0
1791661219.608,603.042,GetBlock-target,OK,0.000325,00005894e6410b9d9524e38d725e6595ef4c8f85d4deb9e56b340751b0c3d678
1791661224.781,608.215,GetLightdInfo,OK,1.269721,4382897
1791661224.781,608.215,GetBlock-historical,OK,0.001209,0
1791661224.781,608.215,GetBlock-target,OK,0.000570,00005894e6410b9d9524e38d725e6595ef4c8f85d4deb9e56b340751b0c3d678
1791661230.066,613.500,GetLightdInfo,OK,0.005722,4382897
1791661230.066,613.500,GetBlock-historical,OK,0.000865,0
1791661230.066,613.500,GetBlock-target,OK,0.000344,00005894e6410b9d9524e38d725e6595ef4c8f85d4deb9e56b340751b0c3d678
1791661235.066,618.501,GetLightdInfo,OK,0.005685,4382897
1791661235.066,618.501,GetBlock-historical,OK,0.000990,0
1791661235.066,618.501,GetBlock-target,OK,0.000395,00005894e6410b9d9524e38d725e6595ef4c8f85d4deb9e56b340751b0c3d678
1791661240.067,623.501,GetLightdInfo,OK,0.004562,4382897
1791661240.067,623.501,GetBlock-historical,OK,0.001058,0
1791661240.067,623.501,GetBlock-target,OK,0.000443,00005894e6410b9d9524e38d725e6595ef4c8f85d4deb9e56b340751b0c3d678
1791661245.067,628.502,GetLightdInfo,OK,0.003636,4382897
1791661245.067,628.502,GetBlock-historical,OK,0.000729,0
1791661245.067,628.502,GetBlock-target,OK,0.000285,00005894e6410b9d9524e38d725e6595ef4c8f85d4deb9e56b340751b0c3d678
1791661250.068,633.502,GetLightdInfo,OK,0.004187,4382897
1791661250.068,633.502,GetBlock-historical,OK,0.000792,0
1791661250.068,633.502,GetBlock-target,OK,0.000368,00005894e6410b9d9524e38d725e6595ef4c8f85d4deb9e56b340751b0c3d678
1791661255.068,638.503,GetLightdInfo,OK,0.005416,4382897
1791661255.068,638.503,GetBlock-historical,OK,0.000807,0
1791661255.068,638.503,GetBlock-target,OK,0.000418,00005894e6410b9d9524e38d725e6595ef4c8f85d4deb9e56b340751b0c3d678
1791661260.069,643.503,GetLightdInfo,OK,0.005768,4382897
1791661260.069,643.503,GetBlock-historical,OK,0.000897,0
1791661260.069,643.503,GetBlock-target,OK,0.000366,00005894e6410b9d9524e38d725e6595ef4c8f85d4deb9e56b340751b0c3d678
1791661265.069,648.504,GetLightdInfo,OK,0.004976,4382897
1791661265.069,648.504,GetBlock-historical,OK,0.000857,0
1791661265.069,648.504,GetBlock-target,OK,0.000301,00005894e6410b9d9524e38d725e6595ef4c8f85d4deb9e56b340751b0c3d678
1791661270.070,653.504,GetLightdInfo,OK,0.003789,4382897
1791661270.070,653.504,GetBlock-historical,OK,0.000851,0
1791661270.070,653.504,GetBlock-target,OK,0.000301,00005894e6410b9d9524e38d725e6595ef4c8f85d4deb9e56b340751b0c3d678
1791661275.070,658.505,GetLightdInfo,OK,1.421613,4382897
1791661275.070,658.505,GetBlock-historical,OK,0.000859,0
1791661275.070,658.505,GetBlock-target,OK,0.000391,00005894e6410b9d9524e38d725e6595ef4c8f85d4deb9e56b340751b0c3d678
1791661280.509,663.943,GetLightdInfo,OK,0.004914,4382897
1791661280.509,663.943,GetBlock-historical,OK,0.000773,0
1791661280.509,663.943,GetBlock-target,OK,0.000480,00005894e6410b9d9524e38d725e6595ef4c8f85d4deb9e56b340751b0c3d678
1791661285.510,668.944,GetLightdInfo,OK,0.004142,4382897
1791661285.510,668.944,GetBlock-historical,OK,0.000754,0
1791661285.510,668.944,GetBlock-target,OK,0.000369,00005894e6410b9d9524e38d725e6595ef4c8f85d4deb9e56b340751b0c3d678
1791661290.510,673.944,GetLightdInfo,OK,0.004362,4382897
1791661290.510,673.944,GetBlock-historical,OK,0.000640,0
1791661290.510,673.944,GetBlock-target,OK,0.000354,00005894e6410b9d9524e38d725e6595ef4c8f85d4deb9e56b340751b0c3d678
1791661295.510,678.945,GetLightdInfo,OK,0.003713,4382897
1791661295.510,678.945,GetBlock-historical,OK,0.000718,0
1791661295.510,678.945,GetBlock-target,OK,0.000345,00005894e6410b9d9524e38d725e6595ef4c8f85d4deb9e56b340751b0c3d678
1791661300.511,683.945,GetLightdInfo,OK,1.004788,4382897
1791661300.511,683.945,GetBlock-historical,OK,0.000886,0
1791661300.511,683.945,GetBlock-target,OK,0.000366,00005894e6410b9d9524e38d725e6595ef4c8f85d4deb9e56b340751b0c3d678
1791661305.631,689.065,GetLightdInfo,OK,0.004914,4382897
1791661305.631,689.065,GetBlock-historical,OK,0.000790,0
1791661305.631,689.065,GetBlock-target,OK,0.000495,00005894e6410b9d9524e38d725e6595ef4c8f85d4deb9e56b340751b0c3d678
1791661310.631,694.066,GetLightdInfo,OK,0.004569,4382897
1791661310.631,694.066,GetBlock-historical,OK,0.000861,0
1791661310.631,694.066,GetBlock-target,OK,0.000371,00005894e6410b9d9524e38d725e6595ef4c8f85d4deb9e56b340751b0c3d678
1791661315.632,699.066,GetLightdInfo,OK,0.005132,4382897
1791661315.632,699.066,GetBlock-historical,OK,0.001072,0
1791661315.632,699.066,GetBlock-target,OK,0.000638,00005894e6410b9d9524e38d725e6595ef4c8f85d4deb9e56b340751b0c3d678
1791661320.632,704.067,GetLightdInfo,OK,0.003441,4382897
1791661320.632,704.067,GetBlock-historical,OK,0.000649,0
1791661320.632,704.067,GetBlock-target,OK,0.000293,00005894e6410b9d9524e38d725e6595ef4c8f85d4deb9e56b340751b0c3d678
1791661325.633,709.067,GetLightdInfo,OK,0.005586,4382897
1791661325.633,709.067,GetBlock-historical,OK,0.000843,0
1791661325.633,709.067,GetBlock-target,OK,0.000306,00005894e6410b9d9524e38d725e6595ef4c8f85d4deb9e56b340751b0c3d678
1791661330.633,714.068,GetLightdInfo,OK,0.004870,4382897
1791661330.633,714.068,GetBlock-historical,OK,0.001060,0
1791661330.633,714.068,GetBlock-target,OK,0.000377,00005894e6410b9d9524e38d725e6595ef4c8f85d4deb9e56b340751b0c3d678
1791661335.634,719.068,GetLightdInfo,OK,0.004262,4382897
1791661335.634,719.068,GetBlock-historical,OK,0.000878,0
1791661335.634,719.068,GetBlock-target,OK,0.000493,00005894e6410b9d9524e38d725e6595ef4c8f85d4deb9e56b340751b0c3d678
1791661340.634,724.069,GetLightdInfo,OK,0.006584,4382897
1791661340.634,724.069,GetBlock-historical,OK,0.001037,0
1791661340.634,724.069,GetBlock-target,OK,0.000483,00005894e6410b9d9524e38d725e6595ef4c8f85d4deb9e56b340751b0c3d678
1791661345.635,729.069,GetLightdInfo,OK,0.047166,4382897
1791661345.635,729.069,GetBlock-historical,OK,0.001438,0
1791661345.635,729.069,GetBlock-target,OK,0.000369,00005894e6410b9d9524e38d725e6595ef4c8f85d4deb9e56b340751b0c3d678
1791661350.635,734.070,GetLightdInfo,OK,0.004624,4382897
1791661350.635,734.070,GetBlock-historical,OK,0.000819,0
1791661350.635,734.070,GetBlock-target,OK,0.000483,00005894e6410b9d9524e38d725e6595ef4c8f85d4deb9e56b340751b0c3d678
1791661355.636,739.070,GetLightdInfo,OK,0.005563,4382897
1791661355.636,739.070,GetBlock-historical,OK,0.000931,0
1791661355.636,739.070,GetBlock-target,OK,0.000405,00005894e6410b9d9524e38d725e6595ef4c8f85d4deb9e56b340751b0c3d678
1791661360.636,744.071,GetLightdInfo,OK,0.004598,4382897
1791661360.636,744.071,GetBlock-historical,OK,0.001164,0
1791661360.636,744.071,GetBlock-target,OK,0.000551,00005894e6410b9d9524e38d725e6595ef4c8f85d4deb9e56b340751b0c3d678
1791661365.637,749.071,GetLightdInfo,OK,0.054721,4382897
1791661365.637,749.071,GetBlock-historical,OK,0.000773,0
1791661365.637,749.071,GetBlock-target,OK,0.000338,00005894e6410b9d9524e38d725e6595ef4c8f85d4deb9e56b340751b0c3d678
1791661370.637,754.071,GetLightdInfo,OK,0.003267,4382897
1791661370.637,754.071,GetBlock-historical,OK,0.000607,0
1791661370.637,754.071,GetBlock-target,OK,0.000306,00005894e6410b9d9524e38d725e6595ef4c8f85d4deb9e56b340751b0c3d678
1791661375.638,759.072,GetLightdInfo,OK,0.005481,4382897
1791661375.638,759.072,GetBlock-historical,OK,0.000940,0
1791661375.638,759.072,GetBlock-target,OK,0.000370,00005894e6410b9d9524e38d725e6595ef4c8f85d4deb9e56b340751b0c3d678
1791661380.638,764.073,GetLightdInfo,OK,0.004836,4382897
1791661380.638,764.073,GetBlock-historical,OK,0.001036,0
1791661380.638,764.073,GetBlock-target,OK,0.000457,00005894e6410b9d9524e38d725e6595ef4c8f85d4deb9e56b340751b0c3d678
1791661385.639,769.073,GetLightdInfo,OK,0.004513,4382897
1791661385.639,769.073,GetBlock-historical,OK,0.000892,0
1791661385.639,769.073,GetBlock-target,OK,0.000430,00005894e6410b9d9524e38d725e6595ef4c8f85d4deb9e56b340751b0c3d678
1791661390.639,774.073,GetLightdInfo,OK,0.005287,4382897
1791661390.639,774.073,GetBlock-historical,OK,0.000774,0
1791661390.639,774.073,GetBlock-target,OK,0.000540,00005894e6410b9d9524e38d725e6595ef4c8f85d4deb9e56b340751b0c3d678
1791661395.640,779.074,GetLightdInfo,OK,0.003619,4382897
1791661395.640,779.074,GetBlock-historical,OK,0.000689,0
1791661395.640,779.074,GetBlock-target,OK,0.000276,00005894e6410b9d9524e38d725e6595ef4c8f85d4deb9e56b340751b0c3d678
1791661400.641,784.075,GetLightdInfo,OK,0.003671,4382897
1791661400.641,784.075,GetBlock-historical,OK,0.000615,0
1791661400.641,784.075,GetBlock-target,OK,0.000322,00005894e6410b9d9524e38d725e6595ef4c8f85d4deb9e56b340751b0c3d678
1791661405.641,789.075,GetLightdInfo,OK,0.005616,4382897
1791661405.641,789.075,GetBlock-historical,OK,0.001045,0
1791661405.641,789.075,GetBlock-target,OK,0.000385,00005894e6410b9d9524e38d725e6595ef4c8f85d4deb9e56b340751b0c3d678
1791661410.642,794.076,GetLightdInfo,OK,0.006586,4382897
1791661410.642,794.076,GetBlock-historical,OK,0.000859,0
1791661410.642,794.076,GetBlock-target,OK,0.000365,00005894e6410b9d9524e38d725e6595ef4c8f85d4deb9e56b340751b0c3d678
1791661415.642,799.076,GetLightdInfo,OK,0.004630,4382897
1791661415.642,799.076,GetBlock-historical,OK,0.000771,0
1791661415.642,799.076,GetBlock-target,OK,0.000581,00005894e6410b9d9524e38d725e6595ef4c8f85d4deb9e56b340751b0c3d678
1791661420.643,804.077,GetLightdInfo,OK,0.005434,4382897
1791661420.643,804.077,GetBlock-historical,OK,0.001075,0
1791661420.643,804.077,GetBlock-target,OK,0.000429,00005894e6410b9d9524e38d725e6595ef4c8f85d4deb9e56b340751b0c3d678
1791661425.643,809.077,GetLightdInfo,OK,1.183221,4382897
1791661425.643,809.077,GetBlock-historical,OK,0.000970,0
1791661425.643,809.077,GetBlock-target,OK,0.001503,00005894e6410b9d9524e38d725e6595ef4c8f85d4deb9e56b340751b0c3d678
1791661430.843,814.277,GetLightdInfo,OK,0.005012,4382897
1791661430.843,814.277,GetBlock-historical,OK,0.001092,0
1791661430.843,814.277,GetBlock-target,OK,0.000359,00005894e6410b9d9524e38d725e6595ef4c8f85d4deb9e56b340751b0c3d678
1791661435.843,819.277,GetLightdInfo,OK,0.004779,4382897
1791661435.843,819.277,GetBlock-historical,OK,0.001009,0
1791661435.843,819.277,GetBlock-target,OK,0.000542,00005894e6410b9d9524e38d725e6595ef4c8f85d4deb9e56b340751b0c3d678
1791661440.843,824.278,GetLightdInfo,OK,0.004330,4382897
1791661440.843,824.278,GetBlock-historical,OK,0.000873,0
1791661440.843,824.278,GetBlock-target,OK,0.000678,00005894e6410b9d9524e38d725e6595ef4c8f85d4deb9e56b340751b0c3d678
1791661445.844,829.278,GetLightdInfo,OK,0.005113,4382897
1791661445.844,829.278,GetBlock-historical,OK,0.000823,0
1791661445.844,829.278,GetBlock-target,OK,0.000348,00005894e6410b9d9524e38d725e6595ef4c8f85d4deb9e56b340751b0c3d678
1791661450.844,834.279,GetLightdInfo,OK,0.006358,4382897
1791661450.844,834.279,GetBlock-historical,OK,0.000932,0
1791661450.844,834.279,GetBlock-target,OK,0.000316,00005894e6410b9d9524e38d725e6595ef4c8f85d4deb9e56b340751b0c3d678
1791661455.845,839.279,GetLightdInfo,OK,0.003433,4382897
1791661455.845,839.279,GetBlock-historical,OK,0.000625,0
1791661455.845,839.279,GetBlock-target,OK,0.000286,00005894e6410b9d9524e38d725e6595ef4c8f85d4deb9e56b340751b0c3d678
1791661460.845,844.280,GetLightdInfo,OK,0.004656,4382897
1791661460.845,844.280,GetBlock-historical,OK,0.000827,0
1791661460.845,844.280,GetBlock-target,OK,0.000496,00005894e6410b9d9524e38d725e6595ef4c8f85d4deb9e56b340751b0c3d678
1791661465.846,849.280,GetLightdInfo,OK,0.006116,4382897
1791661465.846,849.280,GetBlock-historical,OK,0.000832,0
1791661465.846,849.280,GetBlock-target,OK,0.000360,00005894e6410b9d9524e38d725e6595ef4c8f85d4deb9e56b340751b0c3d678
1791661470.846,854.281,GetLightdInfo,OK,0.004825,4382897
1791661470.846,854.281,GetBlock-historical,OK,0.000787,0
1791661470.846,854.281,GetBlock-target,OK,0.000434,00005894e6410b9d9524e38d725e6595ef4c8f85d4deb9e56b340751b0c3d678
1791661475.847,859.281,GetLightdInfo,OK,0.004966,4382897
1791661475.847,859.281,GetBlock-historical,OK,0.000806,0
1791661475.847,859.281,GetBlock-target,OK,0.000391,00005894e6410b9d9524e38d725e6595ef4c8f85d4deb9e56b340751b0c3d678
1791661480.847,864.282,GetLightdInfo,OK,0.005377,4382897
1791661480.847,864.282,GetBlock-historical,OK,0.001008,0
1791661480.847,864.282,GetBlock-target,OK,0.000333,00005894e6410b9d9524e38d725e6595ef4c8f85d4deb9e56b340751b0c3d678
1791661485.848,869.282,GetLightdInfo,OK,0.003493,4382897
1791661485.848,869.282,GetBlock-historical,OK,0.000703,0
1791661485.848,869.282,GetBlock-target,OK,0.000274,00005894e6410b9d9524e38d725e6595ef4c8f85d4deb9e56b340751b0c3d678
1791661490.848,874.283,GetLightdInfo,OK,1.372137,4382897
1791661490.848,874.283,GetBlock-historical,OK,0.001323,0
1791661490.848,874.283,GetBlock-target,OK,0.000345,00005894e6410b9d9524e38d725e6595ef4c8f85d4deb9e56b340751b0c3d678
1791661496.349,879.783,GetLightdInfo,OK,0.005870,4382897
1791661496.349,879.783,GetBlock-historical,OK,0.000694,0
1791661496.349,879.783,GetBlock-target,OK,0.000313,00005894e6410b9d9524e38d725e6595ef4c8f85d4deb9e56b340751b0c3d678
1791661501.349,884.783,GetLightdInfo,OK,0.004719,4382897
1791661501.349,884.783,GetBlock-historical,OK,0.000946,0
1791661501.349,884.783,GetBlock-target,OK,0.000337,00005894e6410b9d9524e38d725e6595ef4c8f85d4deb9e56b340751b0c3d678
1791661506.350,889.784,GetLightdInfo,OK,0.005890,4382897
1791661506.350,889.784,GetBlock-historical,OK,0.001305,0
1791661506.350,889.784,GetBlock-target,OK,0.000704,00005894e6410b9d9524e38d725e6595ef4c8f85d4deb9e56b340751b0c3d678
1791661511.350,894.785,GetLightdInfo,OK,0.003429,4382897
1791661511.350,894.785,GetBlock-historical,OK,0.000631,0
1791661511.350,894.785,GetBlock-target,OK,0.000483,00005894e6410b9d9524e38d725e6595ef4c8f85d4deb9e56b340751b0c3d678
1791661516.351,899.785,GetLightdInfo,OK,0.005663,4382897
1791661516.351,899.785,GetBlock-historical,OK,0.000699,0
1791661516.351,899.785,GetBlock-target,OK,0.000559,00005894e6410b9d9524e38d725e6595ef4c8f85d4deb9e56b340751b0c3d678
1791661521.351,904.786,GetLightdInfo,OK,0.003780,4382897
1791661521.351,904.786,GetBlock-historical,OK,0.000937,0
1791661521.351,904.786,GetBlock-target,OK,0.000532,00005894e6410b9d9524e38d725e6595ef4c8f85d4deb9e56b340751b0c3d678
1791661526.352,909.786,GetLightdInfo,OK,0.004422,4382897
1791661526.352,909.786,GetBlock-historical,OK,0.000740,0
1791661526.352,909.786,GetBlock-target,OK,0.000330,00005894e6410b9d9524e38d725e6595ef4c8f85d4deb9e56b340751b0c3d678
1791661531.352,914.787,GetLightdInfo,OK,0.004615,4382897
1791661531.352,914.787,GetBlock-historical,OK,0.000920,0
1791661531.352,914.787,GetBlock-target,OK,0.000371,00005894e6410b9d9524e38d725e6595ef4c8f85d4deb9e56b340751b0c3d678
1791661536.353,919.787,GetLightdInfo,OK,0.004614,4382897
1791661536.353,919.787,GetBlock-historical,OK,0.000695,0
1791661536.353,919.787,GetBlock-target,OK,0.000396,00005894e6410b9d9524e38d725e6595ef4c8f85d4deb9e56b340751b0c3d678
1791661541.353,924.788,GetLightdInfo,OK,0.005172,4382897
1791661541.353,924.788,GetBlock-historical,OK,0.000915,0
1791661541.353,924.788,GetBlock-target,OK,0.000435,00005894e6410b9d9524e38d725e6595ef4c8f85d4deb9e56b340751b0c3d678
1791661546.354,929.788,GetLightdInfo,OK,0.003846,4382897
1791661546.354,929.788,GetBlock-historical,OK,0.000685,0
1791661546.354,929.788,GetBlock-target,OK,0.000304,00005894e6410b9d9524e38d725e6595ef4c8f85d4deb9e56b340751b0c3d678
1791661551.354,934.789,GetLightdInfo,OK,0.793834,4382897
1791661551.354,934.789,GetBlock-historical,OK,0.001174,0
1791661551.354,934.789,GetBlock-target,OK,0.000477,00005894e6410b9d9524e38d725e6595ef4c8f85d4deb9e56b340751b0c3d678
1791661556.355,939.789,GetLightdInfo,OK,0.004859,4382897
1791661556.355,939.789,GetBlock-historical,OK,0.000890,0
1791661556.355,939.789,GetBlock-target,OK,0.000503,00005894e6410b9d9524e38d725e6595ef4c8f85d4deb9e56b340751b0c3d678
1791661561.355,944.789,GetLightdInfo,OK,0.004982,4382897
1791661561.355,944.789,GetBlock-historical,OK,0.000966,0
1791661561.355,944.789,GetBlock-target,OK,0.000350,00005894e6410b9d9524e38d725e6595ef4c8f85d4deb9e56b340751b0c3d678
1791661566.356,949.790,GetLightdInfo,OK,0.005033,4382897
1791661566.356,949.790,GetBlock-historical,OK,0.000791,0
1791661566.356,949.790,GetBlock-target,OK,0.000499,00005894e6410b9d9524e38d725e6595ef4c8f85d4deb9e56b340751b0c3d678
1791661571.356,954.790,GetLightdInfo,OK,0.004635,4382897
1791661571.356,954.790,GetBlock-historical,OK,0.000757,0
1791661571.356,954.790,GetBlock-target,OK,0.000338,00005894e6410b9d9524e38d725e6595ef4c8f85d4deb9e56b340751b0c3d678
1791661576.357,959.791,GetLightdInfo,OK,0.003577,4382897
1791661576.357,959.791,GetBlock-historical,OK,0.000683,0
1791661576.357,959.791,GetBlock-target,OK,0.000294,00005894e6410b9d9524e38d725e6595ef4c8f85d4deb9e56b340751b0c3d678
1791661581.357,964.792,GetLightdInfo,OK,1.695891,4382897
1791661581.357,964.792,GetBlock-historical,OK,0.001261,0
1791661581.357,964.792,GetBlock-target,OK,0.000325,00005894e6410b9d9524e38d725e6595ef4c8f85d4deb9e56b340751b0c3d678
1791661587.269,970.703,GetLightdInfo,OK,0.005256,4382897
1791661587.269,970.703,GetBlock-historical,OK,0.000923,0
1791661587.269,970.703,GetBlock-target,OK,0.000320,00005894e6410b9d9524e38d725e6595ef4c8f85d4deb9e56b340751b0c3d678
1791661592.270,975.704,GetLightdInfo,OK,0.003993,4382897
1791661592.270,975.704,GetBlock-historical,OK,0.000862,0
1791661592.270,975.704,GetBlock-target,OK,0.000383,00005894e6410b9d9524e38d725e6595ef4c8f85d4deb9e56b340751b0c3d678
1791661597.270,980.704,GetLightdInfo,OK,0.004742,4382897
1791661597.270,980.704,GetBlock-historical,OK,0.000803,0
1791661597.270,980.704,GetBlock-target,OK,0.000354,00005894e6410b9d9524e38d725e6595ef4c8f85d4deb9e56b340751b0c3d678
1791661602.271,985.705,GetLightdInfo,OK,0.005514,4382897
1791661602.271,985.705,GetBlock-historical,OK,0.001090,0
1791661602.271,985.705,GetBlock-target,OK,0.000541,00005894e6410b9d9524e38d725e6595ef4c8f85d4deb9e56b340751b0c3d678
1791661607.271,990.705,GetLightdInfo,OK,0.006848,4382897
1791661607.271,990.705,GetBlock-historical,OK,0.001407,0
1791661607.271,990.705,GetBlock-target,OK,0.000637,00005894e6410b9d9524e38d725e6595ef4c8f85d4deb9e56b340751b0c3d678
1791661612.272,995.706,GetLightdInfo,OK,0.004152,4382897
1791661612.272,995.706,GetBlock-historical,OK,0.003357,0
1791661612.272,995.706,GetBlock-target,OK,0.000900,00005894e6410b9d9524e38d725e6595ef4c8f85d4deb9e56b340751b0c3d678
1791661617.272,1000.706,GetLightdInfo,OK,0.005776,4382897
1791661617.272,1000.706,GetBlock-historical,OK,0.001303,0
1791661617.272,1000.706,GetBlock-target,OK,0.000660,00005894e6410b9d9524e38d725e6595ef4c8f85d4deb9e56b340751b0c3d678
1791661622.273,1005.707,GetLightdInfo,OK,0.005836,4382897
1791661622.273,1005.707,GetBlock-historical,OK,0.001110,0
1791661622.273,1005.707,GetBlock-target,OK,0.000379,00005894e6410b9d9524e38d725e6595ef4c8f85d4deb9e56b340751b0c3d678
1791661627.273,1010.707,GetLightdInfo,OK,0.004612,4382897
1791661627.273,1010.707,GetBlock-historical,OK,0.001068,0
1791661627.273,1010.707,GetBlock-target,OK,0.000341,00005894e6410b9d9524e38d725e6595ef4c8f85d4deb9e56b340751b0c3d678
1791661632.273,1015.708,GetLightdInfo,OK,0.004453,4382897
1791661632.273,1015.708,GetBlock-historical,OK,0.000788,0
1791661632.273,1015.708,GetBlock-target,OK,0.000394,00005894e6410b9d9524e38d725e6595ef4c8f85d4deb9e56b340751b0c3d678
1791661637.274,1020.708,GetLightdInfo,OK,0.004256,4382897
1791661637.274,1020.708,GetBlock-historical,OK,0.001140,0
1791661637.274,1020.708,GetBlock-target,OK,0.000488,00005894e6410b9d9524e38d725e6595ef4c8f85d4deb9e56b340751b0c3d678
1791661642.275,1025.709,GetLightdInfo,OK,0.004537,4382897
1791661642.275,1025.709,GetBlock-historical,OK,0.001046,0
1791661642.275,1025.709,GetBlock-target,OK,0.000696,00005894e6410b9d9524e38d725e6595ef4c8f85d4deb9e56b340751b0c3d678
1791661647.275,1030.709,GetLightdInfo,OK,0.005521,4382897
1791661647.275,1030.709,GetBlock-historical,OK,0.001512,0
1791661647.275,1030.709,GetBlock-target,OK,0.000370,00005894e6410b9d9524e38d725e6595ef4c8f85d4deb9e56b340751b0c3d678
1791661652.275,1035.710,GetLightdInfo,OK,0.004214,4382897
1791661652.275,1035.710,GetBlock-historical,OK,0.000911,0
1791661652.275,1035.710,GetBlock-target,OK,0.000487,00005894e6410b9d9524e38d725e6595ef4c8f85d4deb9e56b340751b0c3d678
1791661657.276,1040.710,GetLightdInfo,OK,0.004338,4382897
1791661657.276,1040.710,GetBlock-historical,OK,0.001146,0
1791661657.276,1040.710,GetBlock-target,OK,0.000665,00005894e6410b9d9524e38d725e6595ef4c8f85d4deb9e56b340751b0c3d678
1791661662.277,1045.711,GetLightdInfo,OK,0.005538,4382897
1791661662.277,1045.711,GetBlock-historical,OK,0.001215,0
1791661662.277,1045.711,GetBlock-target,OK,0.000549,00005894e6410b9d9524e38d725e6595ef4c8f85d4deb9e56b340751b0c3d678
1791661667.277,1050.711,GetLightdInfo,OK,0.004099,4382897
1791661667.277,1050.711,GetBlock-historical,OK,0.000742,0
1791661667.277,1050.711,GetBlock-target,OK,0.000361,00005894e6410b9d9524e38d725e6595ef4c8f85d4deb9e56b340751b0c3d678
1791661672.278,1055.712,GetLightdInfo,OK,0.006536,4382897
1791661672.278,1055.712,GetBlock-historical,OK,0.000992,0
1791661672.278,1055.712,GetBlock-target,OK,0.000430,00005894e6410b9d9524e38d725e6595ef4c8f85d4deb9e56b340751b0c3d678
1791661677.278,1060.712,GetLightdInfo,OK,0.003740,4382897
1791661677.278,1060.712,GetBlock-historical,OK,0.000701,0
1791661677.278,1060.712,GetBlock-target,OK,0.000313,00005894e6410b9d9524e38d725e6595ef4c8f85d4deb9e56b340751b0c3d678
1791661682.279,1065.713,GetLightdInfo,OK,0.004891,4382897
1791661682.279,1065.713,GetBlock-historical,OK,0.000675,0
1791661682.279,1065.713,GetBlock-target,OK,0.000356,00005894e6410b9d9524e38d725e6595ef4c8f85d4deb9e56b340751b0c3d678
1791661687.279,1070.713,GetLightdInfo,OK,0.004740,4382897
1791661687.279,1070.713,GetBlock-historical,OK,0.000701,0
1791661687.279,1070.713,GetBlock-target,OK,0.000566,00005894e6410b9d9524e38d725e6595ef4c8f85d4deb9e56b340751b0c3d678
1791661692.280,1075.714,GetLightdInfo,OK,0.005007,4382897
1791661692.280,1075.714,GetBlock-historical,OK,0.000809,0
1791661692.280,1075.714,GetBlock-target,OK,0.000338,00005894e6410b9d9524e38d725e6595ef4c8f85d4deb9e56b340751b0c3d678
1791661697.280,1080.714,GetLightdInfo,OK,0.004888,4382897
1791661697.280,1080.714,GetBlock-historical,OK,0.001043,0
1791661697.280,1080.714,GetBlock-target,OK,0.000328,00005894e6410b9d9524e38d725e6595ef4c8f85d4deb9e56b340751b0c3d678
1791661702.281,1085.715,GetLightdInfo,OK,0.005084,4382897
1791661702.281,1085.715,GetBlock-historical,OK,0.001003,0
1791661702.281,1085.715,GetBlock-target,OK,0.000382,00005894e6410b9d9524e38d725e6595ef4c8f85d4deb9e56b340751b0c3d678
1791661707.281,1090.715,GetLightdInfo,OK,0.004687,4382897
1791661707.281,1090.715,GetBlock-historical,OK,0.000827,0
1791661707.281,1090.715,GetBlock-target,OK,0.000344,00005894e6410b9d9524e38d725e6595ef4c8f85d4deb9e56b340751b0c3d678
1791661712.282,1095.716,GetLightdInfo,OK,0.004118,4382897
1791661712.282,1095.716,GetBlock-historical,OK,0.000683,0
1791661712.282,1095.716,GetBlock-target,OK,0.000299,00005894e6410b9d9524e38d725e6595ef4c8f85d4deb9e56b340751b0c3d678
1791661717.282,1100.716,GetLightdInfo,OK,0.003543,4382897
1791661717.282,1100.716,GetBlock-historical,OK,0.000627,0
1791661717.282,1100.716,GetBlock-target,OK,0.000291,00005894e6410b9d9524e38d725e6595ef4c8f85d4deb9e56b340751b0c3d678
1791661722.283,1105.717,GetLightdInfo,OK,0.005228,4382897
1791661722.283,1105.717,GetBlock-historical,OK,0.000896,0
1791661722.283,1105.717,GetBlock-target,OK,0.000523,00005894e6410b9d9524e38d725e6595ef4c8f85d4deb9e56b340751b0c3d678
1791661727.283,1110.717,GetLightdInfo,OK,0.004629,4382897
1791661727.283,1110.717,GetBlock-historical,OK,0.000792,0
1791661727.283,1110.717,GetBlock-target,OK,0.000585,00005894e6410b9d9524e38d725e6595ef4c8f85d4deb9e56b340751b0c3d678
1791661732.284,1115.718,GetLightdInfo,OK,0.004160,4382897
1791661732.284,1115.718,GetBlock-historical,OK,0.001144,0
1791661732.284,1115.718,GetBlock-target,OK,0.000444,00005894e6410b9d9524e38d725e6595ef4c8f85d4deb9e56b340751b0c3d678
1791661737.284,1120.718,GetLightdInfo,OK,0.004432,4382897
1791661737.284,1120.718,GetBlock-historical,OK,0.000871,0
1791661737.284,1120.718,GetBlock-target,OK,0.000368,00005894e6410b9d9524e38d725e6595ef4c8f85d4deb9e56b340751b0c3d678
1791661742.285,1125.719,GetLightdInfo,OK,0.004987,4382897
1791661742.285,1125.719,GetBlock-historical,OK,0.000954,0
1791661742.285,1125.719,GetBlock-target,OK,0.000348,00005894e6410b9d9524e38d725e6595ef4c8f85d4deb9e56b340751b0c3d678
1791661747.285,1130.719,GetLightdInfo,OK,0.004474,4382897
1791661747.285,1130.719,GetBlock-historical,OK,0.000885,0
1791661747.285,1130.719,GetBlock-target,OK,0.000432,00005894e6410b9d9524e38d725e6595ef4c8f85d4deb9e56b340751b0c3d678
1791661752.286,1135.720,GetLightdInfo,OK,0.003964,4382897
1791661752.286,1135.720,GetBlock-historical,OK,0.000954,0
1791661752.286,1135.720,GetBlock-target,OK,0.000338,00005894e6410b9d9524e38d725e6595ef4c8f85d4deb9e56b340751b0c3d678
1791661757.286,1140.721,GetLightdInfo,OK,1.635939,4382897
1791661757.286,1140.721,GetBlock-historical,OK,0.000686,0
1791661757.286,1140.721,GetBlock-target,OK,0.000311,00005894e6410b9d9524e38d725e6595ef4c8f85d4deb9e56b340751b0c3d678
1791661762.939,1146.373,GetLightdInfo,OK,0.004878,4382897
1791661762.939,1146.373,GetBlock-historical,OK,0.000768,0
1791661762.939,1146.373,GetBlock-target,OK,0.000337,00005894e6410b9d9524e38d725e6595ef4c8f85d4deb9e56b340751b0c3d678
1791661767.939,1151.373,GetLightdInfo,OK,0.004301,4382897
1791661767.939,1151.373,GetBlock-historical,OK,0.000803,0
1791661767.939,1151.373,GetBlock-target,OK,0.000341,00005894e6410b9d9524e38d725e6595ef4c8f85d4deb9e56b340751b0c3d678
1791661772.940,1156.374,GetLightdInfo,OK,0.004722,4382897
1791661772.940,1156.374,GetBlock-historical,OK,0.000816,0
1791661772.940,1156.374,GetBlock-target,OK,0.000316,00005894e6410b9d9524e38d725e6595ef4c8f85d4deb9e56b340751b0c3d678
1791661777.940,1161.374,GetLightdInfo,OK,0.004870,4382897
1791661777.940,1161.374,GetBlock-historical,OK,0.000928,0
1791661777.940,1161.374,GetBlock-target,OK,0.000362,00005894e6410b9d9524e38d725e6595ef4c8f85d4deb9e56b340751b0c3d678
1791661782.941,1166.375,GetLightdInfo,OK,0.005284,4382897
1791661782.941,1166.375,GetBlock-historical,OK,0.001010,0
1791661782.941,1166.375,GetBlock-target,OK,0.000422,00005894e6410b9d9524e38d725e6595ef4c8f85d4deb9e56b340751b0c3d678
1791661787.941,1171.375,GetLightdInfo,OK,0.004359,4382897
1791661787.941,1171.375,GetBlock-historical,OK,0.001033,0
1791661787.941,1171.375,GetBlock-target,OK,0.000350,00005894e6410b9d9524e38d725e6595ef4c8f85d4deb9e56b340751b0c3d678
1791661792.942,1176.376,GetLightdInfo,OK,0.003816,4382897
1791661792.942,1176.376,GetBlock-historical,OK,0.000757,0
1791661792.942,1176.376,GetBlock-target,OK,0.000324,00005894e6410b9d9524e38d725e6595ef4c8f85d4deb9e56b340751b0c3d678
1791661797.942,1181.377,GetLightdInfo,OK,0.003519,4382897
1791661797.942,1181.377,GetBlock-historical,OK,0.000735,0
1791661797.942,1181.377,GetBlock-target,OK,0.000306,00005894e6410b9d9524e38d725e6595ef4c8f85d4deb9e56b340751b0c3d678
1791661802.943,1186.377,GetLightdInfo,OK,0.003984,4382897
1791661802.943,1186.377,GetBlock-historical,OK,0.000819,0
1791661802.943,1186.377,GetBlock-target,OK,0.000338,00005894e6410b9d9524e38d725e6595ef4c8f85d4deb9e56b340751b0c3d678
1791661807.943,1191.378,GetLightdInfo,OK,0.003954,4382897
1791661807.943,1191.378,GetBlock-historical,OK,0.000807,0
1791661807.943,1191.378,GetBlock-target,OK,0.000348,00005894e6410b9d9524e38d725e6595ef4c8f85d4deb9e56b340751b0c3d678
1791661812.944,1196.378,GetLightdInfo,OK,0.006147,4382897
1791661812.944,1196.378,GetBlock-historical,OK,0.001020,0
1791661812.944,1196.378,GetBlock-target,OK,0.000350,00005894e6410b9d9524e38d725e6595ef4c8f85d4deb9e56b340751b0c3d678
1791661817.944,1201.378,GetLightdInfo,OK,0.005040,4382897
1791661817.944,1201.378,GetBlock-historical,OK,0.000852,0
1791661817.944,1201.378,GetBlock-target,OK,0.000381,00005894e6410b9d9524e38d725e6595ef4c8f85d4deb9e56b340751b0c3d678
1791661822.945,1206.379,GetLightdInfo,OK,0.004577,4382897
1791661822.945,1206.379,GetBlock-historical,OK,0.000706,0
1791661822.945,1206.379,GetBlock-target,OK,0.000310,00005894e6410b9d9524e38d725e6595ef4c8f85d4deb9e56b340751b0c3d678
1791661827.945,1211.379,GetLightdInfo,OK,0.005324,4382897
1791661827.945,1211.379,GetBlock-historical,OK,0.000873,0
1791661827.945,1211.379,GetBlock-target,OK,0.000355,00005894e6410b9d9524e38d725e6595ef4c8f85d4deb9e56b340751b0c3d678
1791661832.946,1216.380,GetLightdInfo,OK,0.004930,4382897
1791661832.946,1216.380,GetBlock-historical,OK,0.000760,0
1791661832.946,1216.380,GetBlock-target,OK,0.000363,00005894e6410b9d9524e38d725e6595ef4c8f85d4deb9e56b340751b0c3d678
1791661837.946,1221.380,GetLightdInfo,OK,0.005209,4382897
1791661837.946,1221.380,GetBlock-historical,OK,0.001034,0
1791661837.946,1221.380,GetBlock-target,OK,0.000595,00005894e6410b9d9524e38d725e6595ef4c8f85d4deb9e56b340751b0c3d678
1791661842.947,1226.381,GetLightdInfo,OK,0.005054,4382897
1791661842.947,1226.381,GetBlock-historical,OK,0.001171,0
1791661842.947,1226.381,GetBlock-target,OK,0.000499,00005894e6410b9d9524e38d725e6595ef4c8f85d4deb9e56b340751b0c3d678
1791661847.947,1231.381,GetLightdInfo,OK,0.004804,4382897
1791661847.947,1231.381,GetBlock-historical,OK,0.000801,0
1791661847.947,1231.381,GetBlock-target,OK,0.000330,00005894e6410b9d9524e38d725e6595ef4c8f85d4deb9e56b340751b0c3d678
1791661852.948,1236.382,GetLightdInfo,OK,0.004367,4382897
1791661852.948,1236.382,GetBlock-historical,OK,0.001591,0
1791661852.948,1236.382,GetBlock-target,OK,0.000306,00005894e6410b9d9524e38d725e6595ef4c8f85d4deb9e56b340751b0c3d678
1791661857.948,1241.382,GetLightdInfo,OK,0.006066,4382897
1791661857.948,1241.382,GetBlock-historical,OK,0.002487,0
1791661857.948,1241.382,GetBlock-target,OK,0.000287,00005894e6410b9d9524e38d725e6595ef4c8f85d4deb9e56b340751b0c3d678
1791661862.949,1246.383,GetLightdInfo,OK,0.004217,4382897
1791661862.949,1246.383,GetBlock-historical,OK,0.000937,0
1791661862.949,1246.383,GetBlock-target,OK,0.000331,00005894e6410b9d9524e38d725e6595ef4c8f85d4deb9e56b340751b0c3d678
1791661867.949,1251.383,GetLightdInfo,OK,0.005039,4382897
1791661867.949,1251.383,GetBlock-historical,OK,0.001038,0
1791661867.949,1251.383,GetBlock-target,OK,0.000370,00005894e6410b9d9524e38d725e6595ef4c8f85d4deb9e56b340751b0c3d678
1791661872.949,1256.384,GetLightdInfo,OK,0.004035,4382897
1791661872.949,1256.384,GetBlock-historical,OK,0.001010,0
1791661872.949,1256.384,GetBlock-target,OK,0.000324,00005894e6410b9d9524e38d725e6595ef4c8f85d4deb9e56b340751b0c3d678
1791661877.950,1261.384,GetLightdInfo,OK,0.004393,4382897
1791661877.950,1261.384,GetBlock-historical,OK,0.000752,0
1791661877.950,1261.384,GetBlock-target,OK,0.000316,00005894e6410b9d9524e38d725e6595ef4c8f85d4deb9e56b340751b0c3d678
1791661882.950,1266.385,GetLightdInfo,OK,0.003819,4382897
1791661882.950,1266.385,GetBlock-historical,OK,0.000715,0
1791661882.950,1266.385,GetBlock-target,OK,0.000332,00005894e6410b9d9524e38d725e6595ef4c8f85d4deb9e56b340751b0c3d678
1791661887.951,1271.385,GetLightdInfo,OK,0.004334,4382897
1791661887.951,1271.385,GetBlock-historical,OK,0.000736,0
1791661887.951,1271.385,GetBlock-target,OK,0.000328,00005894e6410b9d9524e38d725e6595ef4c8f85d4deb9e56b340751b0c3d678
1791661892.951,1276.385,GetLightdInfo,OK,0.003909,4382897
1791661892.951,1276.385,GetBlock-historical,OK,0.000707,0
1791661892.951,1276.385,GetBlock-target,OK,0.000333,00005894e6410b9d9524e38d725e6595ef4c8f85d4deb9e56b340751b0c3d678
1791661897.952,1281.386,GetLightdInfo,OK,0.003998,4382897
1791661897.952,1281.386,GetBlock-historical,OK,0.000774,0
1791661897.952,1281.386,GetBlock-target,OK,0.000311,00005894e6410b9d9524e38d725e6595ef4c8f85d4deb9e56b340751b0c3d678
1791661902.952,1286.386,GetLightdInfo,OK,0.003813,4382897
1791661902.952,1286.386,GetBlock-historical,OK,0.000678,0
1791661902.952,1286.386,GetBlock-target,OK,0.000298,00005894e6410b9d9524e38d725e6595ef4c8f85d4deb9e56b340751b0c3d678
1791661907.953,1291.387,GetLightdInfo,OK,0.004620,4382897
1791661907.953,1291.387,GetBlock-historical,OK,0.000756,0
1791661907.953,1291.387,GetBlock-target,OK,0.000324,00005894e6410b9d9524e38d725e6595ef4c8f85d4deb9e56b340751b0c3d678
1791661912.953,1296.387,GetLightdInfo,OK,0.004115,4382897
1791661912.953,1296.387,GetBlock-historical,OK,0.000718,0
1791661912.953,1296.387,GetBlock-target,OK,0.000333,00005894e6410b9d9524e38d725e6595ef4c8f85d4deb9e56b340751b0c3d678
1791661917.954,1301.388,GetLightdInfo,OK,0.004204,4382897
1791661917.954,1301.388,GetBlock-historical,OK,0.000708,0
1791661917.954,1301.388,GetBlock-target,OK,0.000326,00005894e6410b9d9524e38d725e6595ef4c8f85d4deb9e56b340751b0c3d678
1791661922.954,1306.388,GetLightdInfo,OK,0.003599,4382897
1791661922.954,1306.388,GetBlock-historical,OK,0.001758,0
1791661922.954,1306.388,GetBlock-target,OK,0.000303,00005894e6410b9d9524e38d725e6595ef4c8f85d4deb9e56b340751b0c3d678
1791661927.955,1311.389,GetLightdInfo,OK,0.003716,4382897
1791661927.955,1311.389,GetBlock-historical,OK,0.000419,0
1791661927.955,1311.389,GetBlock-target,OK,0.000288,00005894e6410b9d9524e38d725e6595ef4c8f85d4deb9e56b340751b0c3d678
1791661932.955,1316.390,GetLightdInfo,OK,0.003963,4382897
1791661932.955,1316.390,GetBlock-historical,OK,0.000507,0
1791661932.955,1316.390,GetBlock-target,OK,0.000335,00005894e6410b9d9524e38d725e6595ef4c8f85d4deb9e56b340751b0c3d678
1791661937.956,1321.390,GetLightdInfo,OK,0.003566,4382897
1791661937.956,1321.390,GetBlock-historical,OK,0.000426,0
1791661937.956,1321.390,GetBlock-target,OK,0.000291,00005894e6410b9d9524e38d725e6595ef4c8f85d4deb9e56b340751b0c3d678
1791661942.957,1326.391,GetLightdInfo,OK,0.003570,4382897
1791661942.957,1326.391,GetBlock-historical,OK,0.000391,0
1791661942.957,1326.391,GetBlock-target,OK,0.000312,00005894e6410b9d9524e38d725e6595ef4c8f85d4deb9e56b340751b0c3d678
1791661947.957,1331.391,GetLightdInfo,OK,0.003578,4382897
1791661947.957,1331.391,GetBlock-historical,OK,0.000416,0
1791661947.957,1331.391,GetBlock-target,OK,0.000290,00005894e6410b9d9524e38d725e6595ef4c8f85d4deb9e56b340751b0c3d678
1791661952.958,1336.392,GetLightdInfo,OK,0.003592,4382897
1791661952.958,1336.392,GetBlock-historical,OK,0.000403,0
1791661952.958,1336.392,GetBlock-target,OK,0.000309,00005894e6410b9d9524e38d725e6595ef4c8f85d4deb9e56b340751b0c3d678
1791661957.958,1341.393,GetLightdInfo,OK,0.003594,4382897
1791661957.958,1341.393,GetBlock-historical,OK,0.000424,0
1791661957.958,1341.393,GetBlock-target,OK,0.000276,00005894e6410b9d9524e38d725e6595ef4c8f85d4deb9e56b340751b0c3d678
1791661962.959,1346.393,GetLightdInfo,OK,0.003621,4382897
1791661962.959,1346.393,GetBlock-historical,OK,0.000445,0
1791661962.959,1346.393,GetBlock-target,OK,0.000294,00005894e6410b9d9524e38d725e6595ef4c8f85d4deb9e56b340751b0c3d678
1791661967.960,1351.394,GetLightdInfo,OK,0.003561,4382897
1791661967.960,1351.394,GetBlock-historical,OK,0.000391,0
1791661967.960,1351.394,GetBlock-target,OK,0.000329,00005894e6410b9d9524e38d725e6595ef4c8f85d4deb9e56b340751b0c3d678
1791661972.960,1356.394,GetLightdInfo,OK,0.003544,4382897
1791661972.960,1356.394,GetBlock-historical,OK,0.000436,0
1791661972.960,1356.394,GetBlock-target,OK,0.000302,00005894e6410b9d9524e38d725e6595ef4c8f85d4deb9e56b340751b0c3d678
1791661977.961,1361.395,GetLightdInfo,OK,0.003561,4382897
1791661977.961,1361.395,GetBlock-historical,OK,0.000499,0
1791661977.961,1361.395,GetBlock-target,OK,0.000365,00005894e6410b9d9524e38d725e6595ef4c8f85d4deb9e56b340751b0c3d678
1791661982.961,1366.395,GetLightdInfo,OK,0.003573,4382897
1791661982.961,1366.395,GetBlock-historical,OK,0.000443,0
1791661982.961,1366.395,GetBlock-target,OK,0.000295,00005894e6410b9d9524e38d725e6595ef4c8f85d4deb9e56b340751b0c3d678
1791661987.962,1371.396,GetLightdInfo,OK,0.003562,4382897
1791661987.962,1371.396,GetBlock-historical,OK,0.000391,0
1791661987.962,1371.396,GetBlock-target,OK,0.000308,00005894e6410b9d9524e38d725e6595ef4c8f85d4deb9e56b340751b0c3d678
1791661992.962,1376.396,GetLightdInfo,OK,0.003594,4382897
1791661992.962,1376.396,GetBlock-historical,OK,0.000392,0
1791661992.962,1376.396,GetBlock-target,OK,0.000316,00005894e6410b9d9524e38d725e6595ef4c8f85d4deb9e56b340751b0c3d678
1791661997.963,1381.397,GetLightdInfo,OK,0.003498,4382897
1791661997.963,1381.397,GetBlock-historical,OK,0.000404,0
1791661997.963,1381.397,GetBlock-target,OK,0.000306,00005894e6410b9d9524e38d725e6595ef4c8f85d4deb9e56b340751b0c3d678
1791662002.963,1386.398,GetLightdInfo,OK,0.003728,4382897
1791662002.963,1386.398,GetBlock-historical,OK,0.000528,0
1791662002.963,1386.398,GetBlock-target,OK,0.000304,00005894e6410b9d9524e38d725e6595ef4c8f85d4deb9e56b340751b0c3d678
1791662007.964,1391.398,GetLightdInfo,OK,0.003591,4382897
1791662007.964,1391.398,GetBlock-historical,OK,0.000463,0
1791662007.964,1391.398,GetBlock-target,OK,0.000284,00005894e6410b9d9524e38d725e6595ef4c8f85d4deb9e56b340751b0c3d678
1791662012.965,1396.399,GetLightdInfo,OK,0.003560,4382897
1791662012.965,1396.399,GetBlock-historical,OK,0.000418,0
1791662012.965,1396.399,GetBlock-target,OK,0.000318,00005894e6410b9d9524e38d725e6595ef4c8f85d4deb9e56b340751b0c3d678
1791662017.965,1401.400,GetLightdInfo,OK,0.003626,4382897
1791662017.965,1401.400,GetBlock-historical,OK,0.000413,0
1791662017.965,1401.400,GetBlock-target,OK,0.000305,00005894e6410b9d9524e38d725e6595ef4c8f85d4deb9e56b340751b0c3d678
1791662022.966,1406.400,GetLightdInfo,OK,0.003592,4382897
1791662022.966,1406.400,GetBlock-historical,OK,0.000422,0
1791662022.966,1406.400,GetBlock-target,OK,0.000282,00005894e6410b9d9524e38d725e6595ef4c8f85d4deb9e56b340751b0c3d678
1791662027.967,1411.401,GetLightdInfo,OK,0.003620,4382897
1791662027.967,1411.401,GetBlock-historical,OK,0.000416,0
1791662027.967,1411.401,GetBlock-target,OK,0.000318,00005894e6410b9d9524e38d725e6595ef4c8f85d4deb9e56b340751b0c3d678
1791662032.967,1416.401,GetLightdInfo,OK,0.003545,4382897
1791662032.967,1416.401,GetBlock-historical,OK,0.000380,0
1791662032.967,1416.401,GetBlock-target,OK,0.000271,00005894e6410b9d9524e38d725e6595ef4c8f85d4deb9e56b340751b0c3d678
1791662037.968,1421.402,GetLightdInfo,OK,0.003674,4382897
1791662037.968,1421.402,GetBlock-historical,OK,0.000448,0
1791662037.968,1421.402,GetBlock-target,OK,0.000295,00005894e6410b9d9524e38d725e6595ef4c8f85d4deb9e56b340751b0c3d678
1791662042.968,1426.403,GetLightdInfo,OK,0.003470,4382897
1791662042.968,1426.403,GetBlock-historical,OK,0.000418,0
1791662042.968,1426.403,GetBlock-target,OK,0.000323,00005894e6410b9d9524e38d725e6595ef4c8f85d4deb9e56b340751b0c3d678
